

DROP DATABASE IF EXISTS `dynamo_consult_db`;
CREATE DATABASE `dynamo_consult_db`;
USE `dynamo_consult_db`;



CREATE TABLE `regions` (
  `regionid` int(11) PRIMARY KEY,
  `regionname` varchar(50) NOT NULL
) ENGINE=InnoDB DEFAULT CHARSET=latin1;



INSERT INTO `regions` (`regionid`, `regionname`) VALUES
(101, 'Lagos'),
(102, 'Abuja'),
(103, 'Rivers');



CREATE TABLE `centers` (
  `centerid` int(11) PRIMARY KEY,
  `centername` varchar(50) NOT NULL,
  `regionid` int(11) NOT NULL,
   CONSTRAINT `centers_ibfk_1` FOREIGN KEY (`regionid`) REFERENCES `regions` (`regionid`) ON UPDATE CASCADE
) ENGINE=InnoDB DEFAULT CHARSET=latin1;



INSERT INTO `centers` (`centerid`, `centername`, `regionid`) VALUES
(1, 'Surulere', 101),
(2, 'Rumukoro', 103),
(3, 'Ikeja', 101),
(4, 'Aso Rock', 102),
(5, 'Maitama', 102),
(6, 'Port Harcourt', 103),
(7, 'Festac', 101),
(8, 'Lekki', 101);


CREATE TABLE `courses` (
  `courseid` int(11) PRIMARY KEY,
  `coursename` varchar(100) NOT NULL,
  `coursecode` char(2) NOT NULL,
  `courseamount` double(8,2) NOT NULL
) ENGINE=InnoDB DEFAULT CHARSET=latin1;



INSERT INTO `courses` (`courseid`, `coursename`, `coursecode`, `courseamount`) VALUES
(10, 'Data Analysis', 'DA', 300000.00),
(20, 'Java', 'JV', 280000.00),
(30, 'Python', 'PY', 350000.00),
(40, 'ICT', 'IT', 50000.00),
(50, 'UI UX', 'UX', 150000.00);


CREATE TABLE `session` (
  `sessionid` int(11) PRIMARY KEY,
  `sessiontype` varchar(20) NOT NULL
) ENGINE=InnoDB DEFAULT CHARSET=latin1;


INSERT INTO `session` (`sessionid`, `sessiontype`) VALUES
(100, 'Weekday'),
(200, 'Weekend');


CREATE TABLE `students` (
  `STUDENTID` int(11) NOT NULL,
  `centerid` int(11) NOT NULL,
  `first_name` varchar(50) NOT NULL,
  `last_name` varchar(50) NOT NULL,
  `gender` varchar(6) NOT NULL,
  `courseid` int(11) NOT NULL,
  `sessionid` int(11) NOT NULL,
  `amountpaid` double(8,2) NOT NULL,
  `startdate` date NOT NULL,
  `enddate` date NOT NULL,
  `phoneno` varchar(20) NOT NULL,
  `email` varchar(50) NOT NULL,
  CONSTRAINT `students_ibfk_1` FOREIGN KEY (`centerid`) REFERENCES `centers` (`centerid`) ON UPDATE CASCADE,
  CONSTRAINT `students_ibfk_2` FOREIGN KEY (`sessionid`) REFERENCES `session` (`sessionid`) ON UPDATE CASCADE,
  CONSTRAINT `students_ibfk_3` FOREIGN KEY (`courseid`) REFERENCES `courses` (`courseid`)ON UPDATE CASCADE
) ENGINE=InnoDB DEFAULT CHARSET=utf8mb4;




INSERT INTO `students` (`STUDENTID`, `centerid`, `first_name`, `last_name`, `gender`, `courseid`, `sessionid`, `amountpaid`, `startdate`, `enddate`, `phoneno`, `email`) VALUES
(1, 1, 'John', 'Mark', 'Male', 10, 100, 300000.00, '2023-01-03', '2023-04-03', '8020456115', 'markjohn22@yahoo.com'),
(2, 1, 'Chin', 'Joan', 'Female', 20, 100, 280000.00, '2023-03-03', '2023-08-03', '8020555789', 'joanin50@yahoo.com'),
(3, 1, 'Zach', 'Matin', 'Male', 30, 100, 350000.00, '2023-04-03', '2023-08-03', '8020655463', 'zachm24@gmail.com'),
(4, 1, 'Enoch', 'Nsah', 'Male', 10, 100, 300000.00, '2023-01-03', '2023-04-03', '8020755137', 'enochn0@gmail.com'),
(5, 1, 'Vivian', 'Drea', 'Female', 10, 100, 300000.00, '2023-01-03', '2023-04-03', '8020854811', 'vivdrea@gmail.com'),
(6, 1, 'Val', 'Tom', 'Male', 10, 100, 300000.00, '2023-01-03', '2023-04-03', '8020954485', 'tomva@gmail.com'),
(7, 1, 'Guen', 'Morl', 'Female', 10, 100, 300000.00, '2023-01-03', '2023-04-03', '8021054159', 'guenmorl@gmail.com'),
(8, 1, 'Florence', 'Ugo', 'Female', 40, 100, 150000.00, '2023-01-02', '2023-03-02', '8021153833', 'flougo123@gmail.com'),
(9, 1, 'Nkechi', 'Andrew', 'Female', 50, 100, 50000.00, '2023-01-02', '2023-03-02', '8021253507', 'nkand18@gmail.com'),
(10, 1, 'Nonso', 'Hunt', 'Male', 50, 100, 50000.00, '2023-01-02', '2023-03-02', '8021353181', 'huntnso@gmail.com'),
(11, 1, 'Muftau', 'Isa', 'Male', 20, 100, 280000.00, '2023-03-02', '2023-07-02', '8021452855', 'mufisa@gmail.com'),
(12, 1, 'Nola', 'Kunle', 'Male', 20, 100, 280000.00, '2023-03-02', '2023-07-02', '8021552529', 'nolakuls@gmail.com'),
(13, 1, 'Monday', 'Saturday', 'Male', 50, 100, 50000.00, '2023-01-03', '2023-03-02', '8021652203', 'mondaysats@gmail.com'),
(14, 1, 'Steve', 'Ballmer', 'Male', 30, 100, 350000.00, '2023-04-03', '2023-08-03', '8021751877', 'steveball@yahoo.com'),
(15, 1, 'Charles', 'Koch', 'Male', 30, 100, 350000.00, '2023-04-03', '2023-08-03', '8021851551', 'charleskoch@yahoo.com'),
(16, 1, 'Elon', 'Smith', 'Male', 10, 100, 300000.00, '2023-01-03', '2023-04-03', '8021951225', 'elonsmithh@yahoo.com'),
(17, 1, 'Mark', 'Zuck', 'Male', 10, 100, 300000.00, '2023-01-03', '2023-04-03', '8022050899', 'markzuck@yahoo.com'),
(18, 1, 'Larry', 'Elission', 'Male', 20, 100, 280000.00, '2023-03-01', '2023-08-01', '8022150573', 'larryson23@yahoo.com'),
(19, 1, 'Sergey', 'Brin', 'Female', 50, 100, 50000.00, '2023-01-01', '2023-03-01', '8022250247', 'sergeybrin@yahoo.com'),
(20, 1, 'Martha', 'Sule', 'Female', 10, 100, 300000.00, '2023-01-01', '2023-03-01', '8022349921', 'marthasule@yahoo.com'),
(21, 1, 'Gregory', 'Mda', 'Male', 40, 100, 150000.00, '2023-01-02', '2023-03-02', '8022449595', 'gregorymda@yahoo.com'),
(22, 1, 'Janine', 'Ambal', 'Female', 40, 100, 150000.00, '2023-01-02', '2023-03-02', '8022549269', 'janineam1@yahoo.com'),
(23, 1, 'Ava', 'Jimmy', 'Female', 30, 100, 350000.00, '2023-04-03', '2023-08-03', '8022648943', 'avajimmy@yahoo.com'),
(24, 1, 'Bolu', 'Hundeyin', 'Female', 30, 100, 350000.00, '2023-04-03', '2023-08-03', '8022748617', 'hundeyinbolu@yahoo.com'),
(25, 1, 'Jim', 'Walton', 'Male', 30, 100, 350000.00, '2023-04-04', '2023-08-30', '8022848291', 'jimwalt@yahoo.com'),
(26, 1, 'Inez', 'Rowland', 'Female', 20, 100, 280000.00, '2023-03-01', '2023-08-02', '8022947965', 'inezrows@yahoo.co.uk'),
(27, 1, 'Terry', 'Morgan', 'Male', 40, 100, 150000.00, '2023-01-02', '2023-03-02', '8023047639', 'morterry67@yahoo.com'),
(28, 1, 'Robin', 'Zeng', 'Male', 40, 100, 150000.00, '2023-01-02', '2023-03-02', '8023147313', 'robinz7@yahoo.com'),
(29, 1, 'John', 'Mars', 'Male', 20, 100, 280000.00, '2023-03-01', '2023-08-02', '8023246987', 'marsjohn@gmail.com'),
(30, 2, 'Dawari', 'George', 'Male', 10, 100, 300000.00, '2023-04-19', '2023-07-19', '8023346661', 'dgeorge@gmail.com'),
(31, 2, 'Ovieteme', 'Abume', 'Male', 20, 200, 280000.00, '2023-04-22', '2023-08-19', '8023446335', 'oviem@gmail.com'),
(32, 2, 'Tolu', 'Animashaun', 'Female', 30, 200, 350000.00, '2023-04-22', '2023-08-19', '8023546009', 'toluanima@hotmail.com'),
(33, 2, 'Ogechi', 'Durunwa', 'Female', 40, 100, 150000.00, '2023-04-19', '2023-06-19', '8023645683', 'graciousoge@gmail.com'),
(34, 2, 'Emeka', 'Chuks', 'Male', 10, 200, 300000.00, '2023-04-22', '2023-07-22', '8023745357', 'chuks4reel@ymail.com'),
(35, 2, 'Oluwabunmi', 'Ayandeji', 'Female', 10, 100, 300000.00, '2023-04-19', '2023-07-19', '8023845031', 'bunmite@gmail.com'),
(36, 2, 'Amos', 'Adamu', 'Male', 50, 200, 50000.00, '2023-04-22', '2023-06-24', '8023944705', 'aadamu@yahoo.com'),
(37, 2, 'Aisha', 'Mohammed', 'Female', 50, 100, 50000.00, '2023-04-19', '2023-06-21', '8024044379', 'yesufua@gmail.com'),
(38, 2, 'Ifedayo', 'Smith', 'Male', 30, 100, 350000.00, '2023-04-19', '2023-08-16', '8024144053', 'smithdabadguy@gmail.com'),
(39, 2, 'Vincent', 'Okorie', 'Male', 50, 100, 50000.00, '2023-04-19', '2023-06-21', '8024243727', 'okorirbaba@hotmail.com'),
(40, 2, 'Tejumola', 'Badmus', 'Female', 10, 100, 300000.00, '2023-04-19', '2023-07-19', '8024343401', 'tadmus@ymail.com'),
(41, 2, 'Cynthia', 'Morgan', 'Female', 10, 200, 300000.00, '2023-04-22', '2023-07-22', '8024443075', 'teeteee@ymail.com'),
(42, 2, 'Ajayi', 'Solomon', 'Male', 30, 100, 350000.00, '2023-04-19', '2023-08-19', '8024542749', 'asolomon@gmail.com'),
(43, 2, 'Ijeoma', 'Okoro', 'Female', 10, 100, 300000.00, '2023-04-19', '2023-07-19', '8024642423', 'ijbaby@hotmail.com'),
(44, 2, 'Nwachukwu', 'Iyke', 'Male', 40, 200, 150000.00, '2023-04-22', '2023-06-24', '8024742097', 'nwannema@gmail.com'),
(45, 2, 'Ismail', 'Yakubu', 'Male', 50, 100, 50000.00, '2023-04-19', '2023-06-19', '8024841771', 'ismaily@hotmail.com'),
(46, 2, 'Juwon', 'Matthews', 'Male', 40, 200, 150000.00, '2023-04-22', '2023-06-24', '8024941445', 'jmatthews@gmail.com'),
(47, 2, 'Ikechukwu', 'Bright', 'Female', 20, 100, 280000.00, '2023-04-19', '2023-08-21', '8025041119', 'ikennabosco@gmail.com'),
(48, 2, 'Jacobs', 'Zuma', 'Male', 50, 200, 50000.00, '2023-04-22', '2023-06-24', '8025140793', 'jzuma@yahoo.com'),
(49, 2, 'Peju', 'Ogunmola', 'Female', 10, 200, 300000.00, '2023-04-22', '2023-07-22', '8025240467', 'pogunmlavee45@gmail.com'),
(50, 2, 'Kelvin', 'Victor', 'Male', 30, 100, 350000.00, '2023-04-19', '2023-08-21', '8025340141', 'nwaochavitor@gmail.com'),
(51, 2, 'Esther', 'Adekunle', 'Female', 10, 200, 300000.00, '2023-04-22', '2023-08-26', '8025439815', 'eadekunle@gmail.com'),
(52, 2, 'Bitebo', 'Eregoba', 'Male', 40, 100, 150000.00, '2023-04-19', '2023-06-21', '8025539489', 'beregoba@rocketmail.com'),
(53, 2, 'Tolulope', 'Adewumi', 'Male', 20, 200, 280000.00, '2023-04-22', '2023-08-19', '8025639163', 'gentleboy@gmail.com'),
(54, 2, 'James', 'Emmanuel', 'Male', 10, 100, 300000.00, '2023-04-19', '2023-07-19', '8025738837', 'speechlessjude@gmail.com'),
(55, 2, 'Whitney', 'Njoku', 'Female', 40, 100, 150000.00, '2023-04-19', '2023-06-21', '8025838511', 'whitneyfaraday@gmail.com'),
(56, 2, 'Wale', 'Shittu', 'Male', 20, 200, 280000.00, '2023-04-22', '2023-08-24', '8025938185', 'ikewale@hotmail.com'),
(57, 2, 'Zainab', 'Yahya', 'Female', 20, 200, 280000.00, '2023-04-22', '2023-08-26', '8026037859', 'zainabu@gmail.com'),
(58, 2, 'Wale', 'Cole', 'Male', 10, 100, 300000.00, '2023-04-19', '2023-07-19', '8026137533', 'wandycole@ymail.com'),
(59, 2, 'Chukwunedum', 'Eze', 'Male', 30, 100, 350000.00, '2023-04-19', '2023-08-23', '8026237207', 'nedum4joy@gmail.com'),
(60, 2, 'Bayo', 'Osinuga', 'Male', 40, 200, 150000.00, '2023-04-22', '2023-06-24', '8026336881', 'bangerbanger@gmail.com'),
(61, 3, 'Aloks', 'Deji', 'Male', 30, 200, 350000.00, '2023-04-06', '2023-08-11', '8026436555', 'dejialoks@gmail.com'),
(62, 3, 'Aloks', 'Bola', 'Female', 30, 200, 350000.00, '2023-04-06', '2023-08-11', '8026536229', 'bolaaloks@yahoo.com'),
(63, 3, 'Derin', 'Alder', 'Female', 10, 100, 300000.00, '2023-04-05', '2023-07-06', '8026635903', 'derinalder@gmail.com'),
(64, 3, 'Afolabi', 'Joseph', 'Male', 20, 200, 280000.00, '2023-04-05', '2023-08-10', '8026735577', 'aj@yahoo.com'),
(65, 3, 'Aloks', 'Bayo', 'Male', 20, 100, 280000.00, '2023-04-06', '2023-08-08', '8026835251', 'bayaloks@gmail.com'),
(66, 3, 'Omotola', 'Joseph', 'Female', 40, 100, 150000.00, '2023-04-05', '2023-06-16', '8026934925', 'tolajoseph@gmail.com'),
(67, 3, 'Nebechi', 'Okoye', 'Female', 30, 100, 350000.00, '2023-04-05', '2023-07-14', '8027034599', 'nokoye@gmail.com'),
(68, 3, 'Paul', 'Akpore', 'Male', 50, 100, 50000.00, '2023-04-05', '2023-06-14', '8027134273', 'pakpo@gmail.com'),
(69, 3, 'Tolu', 'Banjo', 'Male', 40, 200, 150000.00, '2023-04-05', '2023-06-12', '8027233947', 'tbajs@gmail.com'),
(70, 3, 'Nathaniel', 'Phillips', 'Male', 30, 200, 350000.00, '2023-04-03', '2023-08-11', '8027333621', 'natphils@gmail.com'),
(71, 3, 'Desola', 'John-Phillips', 'Male', 30, 100, 350000.00, '2023-04-03', '2023-08-11', '8027433295', 'djayp@gmail.com'),
(72, 3, 'Omolara', 'Animashaun', 'Female', 40, 200, 150000.00, '2023-04-05', '2023-06-09', '8027532969', 'laraa@gmail.com'),
(73, 3, 'Juwon', 'Wahab', 'Male', 30, 200, 350000.00, '2023-04-06', '2023-08-18', '8027632643', 'jwon@gmail,com'),
(74, 3, 'Lanre', 'Shobowale', 'Male', 30, 100, 350000.00, '2023-04-06', '2023-08-14', '8027732317', 'lanreshobz@yahoo.com'),
(75, 3, 'Rokiat', 'Afolabi', 'Female', 10, 100, 300000.00, '2023-04-07', '2023-07-14', '8027831991', 'rockleft@gmail.com'),
(76, 3, 'Kofo', 'Shotonwa', 'Female', 20, 200, 280000.00, '2023-04-06', '2023-08-11', '8027931665', 'kgass@gmail.com'),
(77, 3, 'Mayowa', 'Shotonwa', 'Male', 20, 200, 280000.00, '2023-04-06', '2023-08-11', '8028031339', 'lookman@gmail.com'),
(78, 3, 'Claudia', 'Adelu', 'Female', 30, 200, 350000.00, '2023-04-06', '2023-08-11', '8028131013', 'claudiu@gmail.com'),
(79, 3, 'Claire', 'Adelu', 'Female', 30, 200, 350000.00, '2023-04-06', '2023-08-11', '8028230687', 'clairead@gmail.com'),
(80, 3, 'Remi', 'Benson', 'Male', 30, 200, 350000.00, '2023-04-06', '2023-08-11', '8028330361', 'remben@gmaail.com'),
(81, 3, 'Kolade', 'Edun', 'Male', 20, 100, 280000.00, '2023-04-07', '2023-08-11', '8028430035', 'kedun@gmail.com'),
(82, 3, 'Chinonso', 'Orji', 'Male', 30, 100, 350000.00, '2023-04-06', '2023-08-11', '8028529709', 'chiorji@gmail.com'),
(83, 3, 'Stephanie', 'Madueke', 'Female', 10, 200, 300000.00, '2023-04-13', '2023-07-21', '8028629383', 'madste@gmail.com'),
(84, 3, 'Amaka', 'Uriah', 'Female', 50, 100, 50000.00, '2023-04-06', '2023-06-09', '8028729057', 'amyuriah@yahoo.com'),
(85, 3, 'Patrick', 'Udom', 'Male', 30, 100, 350000.00, '2023-04-06', '2023-08-11', '8028828731', 'patudom@yahoo.com'),
(86, 3, 'Janet', 'Udom', 'Female', 50, 100, 50000.00, '2023-04-06', '2023-06-09', '8028928405', 'bambam@gmail.com'),
(87, 3, 'David', 'Iwarue', 'Male', 30, 200, 350000.00, '2023-04-06', '2023-08-11', '8029028079', 'iwaruedav@yahoo.com'),
(88, 3, 'Somto', 'Oguejiofor', 'Male', 20, 100, 280000.00, '2023-04-06', '2023-08-11', '8029127753', 'somtooguejs@gmail.com'),
(89, 3, 'Adesola', 'Kolawole', 'Female', 30, 200, 350000.00, '2023-04-06', '2023-08-11', '8029227427', 'dessykols@yahoo.com'),
(90, 3, 'Ndalaku', 'Enwezor', 'Female', 20, 200, 280000.00, '2023-04-06', '2023-08-11', '8029327101', 'ndenwezor@gmail.com'),
(91, 4, 'Chidinma', 'Stella', 'Female', 20, 100, 280000.00, '2023-04-18', '2023-07-17', '8029426775', 'chidinma.stella@gmail.com'),
(92, 4, 'Ezeobi', 'Pauline', 'Female', 10, 100, 300000.00, '2023-04-19', '2023-07-18', '8029526449', 'ezeobi.pauline@gmail.com'),
(93, 4, 'Blessing', 'Ugwoegbu', 'Female', 30, 200, 350000.00, '2023-05-20', '2023-09-19', '8029626123', 'blessing.ugwoegbu@gmail.com'),
(94, 4, 'Ogochukwu', 'Onyagu', 'Male', 50, 100, 50000.00, '2023-03-19', '2023-05-18', '8029725797', 'ogochukwu.onyagu@yahoo.com'),
(95, 4, 'Ifeanyichukwu', 'Innocent', 'Male', 20, 100, 280000.00, '2023-05-19', '2023-09-18', '8029825471', 'ifeanyichukwu.innocent@gmail.com'),
(96, 4, 'Eyo', 'Essien', 'Female', 40, 200, 150000.00, '2023-03-01', '2023-05-01', '8029925145', 'eyo.essien@live.com'),
(97, 4, 'Ezenwa', 'Obinna', 'Male', 10, 100, 300000.00, '2023-05-18', '2023-08-17', '8030024819', 'ezenwa.obinna@gmail.com'),
(98, 4, 'Tijani', 'Abdulyekeem', 'Male', 10, 100, 300000.00, '2023-05-18', '2023-08-17', '8030124493', 'ezenwa.obinna@live.com'),
(99, 4, 'Asubiojo', 'Afolabi', 'Male', 50, 100, 50000.00, '2023-03-19', '2023-05-18', '8030224167', 'asubiojo.afolabi@yahoo.com'),
(100, 4, 'Sodan,', 'Maria', 'Female', 20, 100, 280000.00, '2023-05-19', '2023-09-18', '8030323841', 'sodan.maria@gmail.com'),
(101, 4, 'Eleje', 'Hamza', 'Male', 30, 200, 350000.00, '2023-05-20', '2023-09-18', '8030423515', 'eleje.hamza@gmail.com'),
(102, 4, 'Dickson', 'Udoh', 'Male', 40, 200, 150000.00, '2023-03-01', '2023-05-01', '8030523189', 'dickson.udoh@yahoo.com'),
(103, 4, 'Eke,', 'Bucky', 'Female', 50, 100, 50000.00, '2023-03-19', '2023-05-18', '8030622863', 'eke.bucky@live.com'),
(104, 4, 'David', 'Oligbi', 'Male', 10, 100, 300000.00, '2023-05-18', '2023-08-17', '8030722537', 'david.oligbi@yahoo.com'),
(105, 4, 'Effiong', 'Esther', 'Female', 20, 100, 280000.00, '2023-05-19', '2023-09-18', '8030822211', 'effiong.esther@hotmail.com'),
(106, 4, 'Usman', 'Mohammed', 'Male', 30, 200, 350000.00, '2023-04-20', '2023-09-19', '8030921885', 'usman.mohammed@yahoo.co.uk'),
(107, 4, 'Aisha', 'Binani', 'Female', 40, 200, 150000.00, '2023-03-01', '2023-05-01', '8031021559', 'aisha.binani@yahoo.com'),
(108, 4, 'Adamu', 'Garba', 'Male', 40, 200, 150000.00, '2023-03-01', '2023-05-01', '8031121233', 'adamu.garba@gmail.com'),
(109, 4, 'Amoda', 'Ogunlere', 'Male', 30, 200, 350000.00, '2023-05-20', '2023-09-19', '8031220907', 'amoda.ogunlere@gmail.com'),
(110, 4, 'Dele', 'Alake', 'Male', 20, 100, 280000.00, '2023-05-19', '2023-09-18', '8031320581', 'dele.alake@gmail.com'),
(111, 4, 'Aisha', 'Buhari', 'Female', 10, 100, 300000.00, '2023-05-18', '2023-08-17', '8031420255', 'aisha.buhari@gmail.com'),
(112, 4, 'Bayo', 'Onanuga', 'Male', 50, 100, 50000.00, '2023-03-19', '2023-05-18', '8031519929', 'bayo.onanuga@gmail.com'),
(113, 4, 'Oseloka', 'Obaze', 'Male', 10, 100, 300000.00, '2023-05-18', '2023-08-17', '8031619603', 'oseloka.obaze@live.com'),
(114, 4, 'Yunusa', 'Tanko', 'Male', 20, 100, 280000.00, '2023-05-19', '2023-09-18', '8031719277', 'yunusa.tanko@yahoo.com'),
(115, 4, 'Ndi', 'Kato', 'Female', 30, 200, 350000.00, '2023-05-20', '2023-09-19', '8031818951', 'ndi.katogmail.com'),
(116, 4, 'Kayla', 'Megwa', 'Female', 30, 200, 350000.00, '2023-05-20', '2023-09-19', '8031918625', 'kayla.megwa@hotmail.com'),
(117, 4, 'Onoja', 'Ilemona', 'Male', 50, 100, 50000.00, '2023-03-19', '2023-05-18', '8032018299', 'onoja.ilemona@yahoo.com'),
(118, 4, 'Sandra', 'Achum', 'Female', 20, 100, 280000.00, '2023-05-19', '2023-09-18', '8032117973', 'sandra.achum@hotmail.com'),
(119, 4, 'Seun', 'Okinbaloye', 'Male', 40, 200, 150000.00, '2023-03-19', '2023-05-18', '8032217647', 'seun.okinbaloye@yahoo.com'),
(120, 4, 'Iwuanyanwu', 'Emmanuel', 'Male', 10, 100, 300000.00, '2023-05-18', '2023-08-17', '8032317321', 'iwuanyanwu.emmanuel@live.com'),
(121, 4, 'Aluko', 'Kehinde', 'Female', 30, 200, 350000.00, '2023-05-20', '2023-09-19', '8032416995', 'aluko.kehinde.@gmail.com'),
(122, 4, 'Queen', 'Oti', 'Female', 50, 100, 50000.00, '2023-03-19', '2023-05-18', '8032516669', 'queen.oti@outlook.com'),
(123, 4, 'Akiga', 'Msuushima', 'Female', 20, 100, 280000.00, '2023-05-19', '2023-09-18', '8032616343', 'akiga.msuushima@yahoo.com'),
(124, 4, 'Mark', 'Etim', 'Male', 40, 200, 150000.00, '2023-03-19', '2023-05-18', '8032716017', 'mark.etim@aol.com'),
(125, 4, 'Sinclair', 'Ugwumba', 'Male', 10, 100, 300000.00, '2023-05-18', '2023-08-17', '8032815691', 'sinclair.ugwumba@gmail.com'),
(126, 4, 'Joy', 'Owolabi', 'Female', 30, 200, 350000.00, '2023-05-20', '2023-09-19', '8032915365', 'joy.owolabi@gmail.com'),
(127, 4, 'Drente', 'Nguvan', 'Male', 50, 100, 50000.00, '2023-03-19', '2023-05-18', '8033015039', 'drente.nguvan@live.com'),
(128, 4, 'Onyinye', 'Jonah', 'Female', 20, 100, 280000.00, '2023-05-19', '2023-09-18', '8033114713', 'onyinye.jonah@live.com'),
(129, 4, 'Amanda', 'Achusim', 'Female', 10, 100, 300000.00, '2023-04-19', '2023-08-20', '8033214387', 'amanda.achusim@gmail.com'),
(130, 5, 'Abara', 'Abdullah', 'Male', 10, 200, 300000.00, '2023-01-19', '2023-04-19', '8033314061', 'abaraabdul@gmail.com'),
(131, 5, 'Abiola', 'Abimbola', 'Female', 20, 100, 280000.00, '2023-01-26', '2023-06-26', '8033413735', 'abiolaabimb@gmail.com'),
(132, 5, 'Kanye', 'Kikelomo', 'Female', 50, 100, 50000.00, '2023-04-10', '2023-06-12', '8033513409', 'kanyekiki@gmail.com'),
(133, 5, 'Lawal', 'Kazah', 'Male', 10, 100, 300000.00, '2023-06-05', '2023-09-18', '8033613083', 'lawalkaz@gmail.com'),
(134, 5, 'Nnadi', 'Nwadike', 'Male', 30, 200, 350000.00, '2023-02-06', '2023-06-12', '8033712757', 'nnadiwa@gmail.com'),
(135, 5, 'Chike', 'Okafor', 'Male', 10, 100, 300000.00, '2023-06-05', '2023-09-18', '8033812431', 'chikeo@gmail.com'),
(136, 5, 'Christiana', 'Obi', 'Female', 40, 200, 150000.00, '2023-05-06', '2023-07-15', '8033912105', 'christi@gmail.com'),
(137, 5, 'Bayo', 'Akin', 'Male', 40, 200, 150000.00, '2023-05-06', '2023-07-15', '8034011779', 'akinbayo@gmail.com'),
(138, 5, 'David', 'Njoku', 'Male', 20, 100, 280000.00, '2023-01-26', '2023-06-26', '8034111453', 'njokudave@gmail.com'),
(139, 5, 'Jessica', 'Okeke', 'Female', 20, 100, 280000.00, '2023-01-26', '2023-06-26', '8034211127', 'jokeke@gmail.com'),
(140, 5, 'Peter', 'Rabiu', 'Male', 10, 100, 300000.00, '2023-06-05', '2023-09-18', '8034310801', 'peterrabii@gmail.com'),
(141, 5, 'Amaechi', 'Akpabio', 'Female', 50, 100, 50000.00, '2023-04-10', '2023-06-12', '8034410475', 'akpabioa@gmail.com'),
(142, 5, 'Bosede', 'Akinjide', 'Male', 40, 200, 150000.00, '2023-05-06', '2023-07-15', '8034510149', 'bosedeaa@gmail.com'),
(143, 5, 'Yakubu', 'Akerele', 'Male', 10, 100, 300000.00, '2023-01-19', '2023-04-19', '8034609823', 'yakuibu@gmail.com'),
(144, 5, 'Joe', 'Abiden', 'Male', 20, 100, 280000.00, '2023-01-26', '2023-06-26', '8034709497', 'joeabd@gmail.com'),
(145, 5, 'Cynthia', 'Eke', 'Female', 30, 100, 350000.00, '2023-02-06', '2023-06-12', '8034809171', 'cynthiaeke@gmail.com'),
(146, 5, 'Charles', 'Dolapo', 'Male', 30, 100, 350000.00, '2023-02-06', '2023-06-12', '8034908845', 'dolapoc@gmail.com'),
(147, 5, 'Felix', 'Akinbade', 'Male', 50, 100, 50000.00, '2023-04-10', '2023-06-12', '8035008519', 'felixa@gmail.com'),
(148, 5, 'Judith', 'Nwafor', 'Female', 50, 100, 50000.00, '2023-04-10', '2023-06-12', '8035108193', 'judienwa@gmail.com'),
(149, 5, 'Ovo', 'Michael', 'Male', 20, 100, 280000.00, '2023-01-26', '2023-06-26', '8035207867', 'michaelovo2@gmail.com'),
(150, 5, 'Whitney', 'Udo', 'Female', 10, 100, 300000.00, '2023-01-19', '2023-04-19', '8035307541', 'whitneyu@gmail.com'),
(151, 5, 'Alex', 'Bamidele', 'Male', 40, 200, 150000.00, '2023-05-06', '2023-07-15', '8035407215', 'alexdele@gmail.com'),
(152, 5, 'Ene', 'Johnson', 'Female', 30, 100, 350000.00, '2023-02-06', '2023-06-12', '8035506889', 'johnsonene@gmail.com'),
(153, 5, 'Ebuka', 'Chije', 'Male', 10, 100, 300000.00, '2023-06-05', '2023-09-18', '8035606563', 'ebukachi@gmail.com'),
(154, 5, 'Adaeze', 'Orji', 'Female', 50, 100, 50000.00, '2023-04-10', '2023-06-12', '8035706237', 'adaezeorji@gmail.com'),
(155, 5, 'Thomas', 'Emordi', 'Male', 10, 100, 300000.00, '2023-01-19', '2023-04-19', '8035805911', 'thomasemor@gmail.com'),
(156, 5, 'Stella', 'Maris', 'Female', 50, 100, 50000.00, '2023-04-10', '2023-06-12', '8035905585', 'stellamar@gmail.com'),
(157, 5, 'Ousman', 'Ibrahim', 'Male', 20, 100, 280000.00, '2023-01-26', '2023-06-26', '8036005259', 'ibrahimousman@gmail.com'),
(158, 5, 'Ayokunle', 'Adeniyi', 'Female', 40, 200, 150000.00, '2023-05-06', '2023-07-15', '8036104933', 'ayokunleadeniyi@gmail.com'),
(159, 5, 'Divine', 'Akabogu', 'Male', 10, 100, 300000.00, '2023-06-05', '2023-09-18', '8036204607', 'divine22@gmail.com'),
(160, 5, 'Jacob', 'Imeh', 'Male', 30, 100, 350000.00, '2023-02-06', '2023-06-12', '8036304281', 'jacobi@gmail.com'),
(161, 6, 'Lateef', 'Olawale', 'Male', 10, 100, 300000.00, '2023-08-01', '2023-10-31', '8036403955', 'olawalehotmail.com'),
(162, 6, 'Dele', 'Alli', 'Female', 20, 100, 280000.00, '2023-08-01', '2023-11-30', '8036503629', 'alli@gmail.com'),
(163, 6, 'Henry', 'John', 'Male', 40, 100, 150000.00, '2023-08-01', '2023-09-30', '8036603303', 'john@gmai.com'),
(164, 6, 'Mary', 'Mariam', 'Female', 30, 200, 350000.00, '2023-08-01', '2023-11-30', '8036702977', 'mary@hotmail.com\r\n'),
(165, 6, 'Destiny', 'Ade', 'Male', 20, 100, 280000.00, '2023-08-01', '2023-10-31', '8036802651', 'ade@hotmail.com'),
(166, 6, 'Aolat', 'Ayo', 'Female', 30, 200, 350000.00, '2023-08-01', '2023-11-30', '8036902325', 'aolat@yahoo.com'),
(167, 6, 'Dele', 'Bimbo', 'Male', 10, 200, 300000.00, '2023-08-01', '2023-10-31', '8037001999', 'bimbo@hotmail.com'),
(168, 6, 'Wade', 'Wasiu', 'Male', 50, 100, 50000.00, '2023-08-01', '2023-09-30', '8037101673', 'wade@hotmail.com'),
(169, 6, 'Bode', 'Brave', 'Male', 50, 100, 50000.00, '2023-08-01', '2023-09-30', '8037201347', 'bode@gmail.com'),
(170, 6, 'Peter', 'Dele', 'Male', 40, 100, 150000.00, '2023-08-01', '2023-09-30', '8037301021', 'peter@yahoo.com'),
(171, 6, 'Obama', 'Nelly', 'Female', 20, 100, 280000.00, '2023-08-01', '2023-11-30', '8037400695', 'obama@yahoo.com'),
(172, 6, 'Awwal', 'Ayo', 'Female', 10, 200, 300000.00, '2023-08-01', '2023-10-30', '8037500369', 'awwalayo@yahoo.com'),
(173, 6, 'Nedu', 'Baller', 'Male', 20, 100, 280000.00, '2023-08-01', '2023-11-30', '8037600043', 'nedu@gmail.com'),
(174, 6, 'Wale', 'Leyo', 'Male', 40, 200, 150000.00, '2023-08-01', '2023-09-30', '8037699717', 'leyowale@yahoo.com'),
(175, 6, 'Tunde', 'Ade', 'Female', 10, 200, 300000.00, '2023-08-01', '2023-10-31', '8037799391', 'adett@gmail.com'),
(176, 6, 'Bayo', 'Ola', 'Male', 40, 100, 150000.00, '2023-08-01', '2023-09-30', '8037899065', 'ola@gmail.com'),
(177, 6, 'Good', 'Ness', 'Female', 40, 200, 150000.00, '2023-08-01', '2023-11-30', '8037998739', 'goodness@hotmail.com'),
(178, 6, 'Yinka', 'Eze', 'Male', 20, 100, 280000.00, '2023-08-01', '2023-11-30', '8038098413', 'yinkaeze@hotmail'),
(179, 6, 'Izu', 'John', 'Female', 50, 200, 50000.00, '2023-08-01', '2023-09-30', '8038198087', 'john@gmail.com'),
(180, 6, 'Nora', 'Maxwell', 'Female', 10, 200, 300000.00, '2023-08-01', '2023-10-31', '8038297761', 'maxwell@gmail.com'),
(181, 6, 'Bimbo', 'Ade', 'Female', 20, 100, 280000.00, '2023-08-01', '2023-11-30', '8038397435', 'bimboade@yahoo.com'),
(182, 6, 'Aaron', 'Oluwa', 'Male', 40, 100, 150000.00, '2023-08-01', '2023-09-30', '8038497109', 'aaronoluwa@hotmail.com'),
(183, 6, 'James', 'Tito', 'Male', 20, 100, 280000.00, '2023-08-01', '2023-11-30', '8038596783', 'jamestito@yahoo.com'),
(184, 6, 'Talabi', 'Johnson', 'Female', 50, 200, 50000.00, '2023-08-01', '2023-09-30', '8038696457', 'talabi@hotmail.com'),
(185, 6, 'Primary', 'Key', 'Female', 10, 200, 300000.00, '2023-08-01', '2023-10-31', '8038796131', 'primarykey@gmail.com'),
(186, 6, 'Secondary', 'Key', 'Female', 30, 200, 350000.00, '2023-08-01', '2023-11-30', '8038895805', 'secondarykeykey@gmail.com'),
(187, 6, 'Ada', 'Jooy', 'Male', 50, 200, 50000.00, '2023-08-01', '2023-09-30', '8038995479', 'adajooy@gmai.com'),
(188, 6, 'Kola', 'Wole', 'Male', 40, 200, 150000.00, '2023-08-01', '2023-09-30', '8039095153', 'kolawole@gmail.com'),
(189, 6, 'Ade', 'Gboyega', 'Male', 30, 100, 350000.00, '2023-08-01', '2023-11-30', '8039194827', 'gboyega@hotmail.com'),
(190, 6, 'Emmanuel', 'Udoh', 'Male', 10, 100, 300000.00, '2023-08-01', '2023-10-31', '8039294501', 'emmanueludoh@hotmail.com'),
(191, 6, 'Adeola', 'Mosese', 'Male', 30, 100, 350000.00, '2023-08-01', '2023-11-30', '8039394175', 'adeola@gmail.com'),
(192, 6, 'Peace', 'Adenike', 'Female', 20, 200, 280000.00, '2023-08-01', '2023-11-30', '8039493849', 'peaceadenike@hotmail.com'),
(193, 6, 'Frank', 'Lampard', 'Male', 50, 100, 50000.00, '2023-08-01', '2023-09-30', '8039593523', 'lfrank@gamail.com'),
(194, 6, 'Kingsley', 'Makwani', 'Male', 20, 100, 280000.00, '2023-08-01', '2023-11-30', '8039693197', 'kingsley@hotmail.com'),
(195, 6, 'Glory', 'Agbaragbu', 'Female', 10, 100, 300000.00, '2023-08-01', '2023-10-31', '8039792871', 'agabragbu@hotmail.com'),
(196, 7, 'Sola', 'John', 'Male', 10, 100, 300000.00, '2023-04-01', '2023-07-01', '8039892545', 'solajohn@gmail.com'),
(197, 7, 'Gregory', 'Holloway', 'Male', 20, 200, 280000.00, '2023-01-01', '2023-05-01', '8039992219', 'g_holloway@hotmail.com'),
(198, 7, 'David', 'Bomillan', 'Male', 20, 200, 280000.00, '2023-01-01', '2023-05-01', '8040091893', 'davido777@icloud.com'),
(199, 7, 'Sumbo', 'Lawanson', 'Male', 10, 200, 300000.00, '2023-04-01', '2023-07-01', '8040191567', 'segzydeelaw@gmail.com'),
(200, 7, 'Franca', 'Danilo', 'Female', 10, 200, 300000.00, '2023-04-01', '2023-07-01', '8040291241', 'frederick66@icloud.com'),
(201, 7, 'Tommy', 'Korex', 'Male', 30, 100, 350000.00, '2023-02-01', '2023-06-01', '8040390915', 'tomikorexy@gmail.com'),
(202, 7, 'Adebayo', 'Vivour', 'Female', 40, 100, 150000.00, '2023-02-01', '2023-04-01', '8040490589', 'tomikorexy@gmail.com'),
(203, 7, 'Aliko', 'Abdulsallam', 'Male', 50, 200, 50000.00, '2023-03-01', '2023-05-01', '8040590263', 'alikodeeguy@mymail.org'),
(204, 7, 'Stephanie', 'Kadiri', 'Female', 30, 200, 350000.00, '2023-02-01', '2023-06-01', '8040689937', 'slickyman12@gmail.com'),
(205, 7, 'Batmill', 'Cornell', 'Male', 50, 100, 50000.00, '2023-03-01', '2023-05-01', '8040789611', 'batmillar@ymail.com'),
(206, 7, 'Mike', 'Aphonso', 'Male', 40, 200, 150000.00, '2023-02-01', '2023-04-01', '8040889285', 'aphonsodee@gmail.com'),
(207, 7, 'Fred', 'Junior', 'Male', 20, 100, 280000.00, '2023-01-01', '2023-05-01', '8040988959', 'frednation@gmail.com'),
(208, 7, 'Godman', 'Danilo', 'Male', 10, 200, 300000.00, '2023-04-01', '2023-07-01', '8041088633', 'man_danilo@icloud.com'),
(209, 7, 'Michael', 'Johnstone', 'Male', 30, 200, 350000.00, '2023-02-01', '2023-06-01', '8041188307', 'm.johnstone99@ymail.com'),
(210, 7, 'Sola', 'Renault', 'Female', 10, 100, 300000.00, '2023-04-01', '2023-07-01', '8041287981', 'sollyman1234@gmail.com'),
(211, 7, 'Farakan', 'Murphy', 'Male', 20, 200, 280000.00, '2023-01-01', '2023-05-01', '8041387655', 'murphylee@ymail.com'),
(212, 7, 'Desmond', 'Tutu', 'Female', 30, 100, 350000.00, '2023-02-01', '2023-06-01', '8041487329', 'comradetutu@icloud.com'),
(213, 7, 'Simi', 'Lawrence', 'Male', 20, 200, 280000.00, '2023-01-01', '2023-05-01', '8041587003', 'sim2lawrence@gmail.com'),
(214, 7, 'Cleverly', 'Mondack', 'Female', 50, 100, 50000.00, '2023-03-01', '2023-05-01', '8041686677', 'cmondack101@gmail.com'),
(215, 7, 'Angie', 'Raymond', 'Male', 30, 100, 350000.00, '2023-02-01', '2023-06-01', '8041786351', 'raymondworld@mymail.org'),
(216, 7, 'Deola', 'Carnegie', 'Female', 40, 100, 150000.00, '2023-02-01', '2023-04-01', '8041886025', 'dave_deecarn@ymail.com'),
(217, 7, 'Lola', 'Henderson', 'Male', 30, 200, 350000.00, '2023-02-01', '2023-06-01', '8041985699', 'hendygirl60@icloud.com'),
(218, 7, 'Dare', 'Folawiyo', 'Female', 10, 100, 300000.00, '2023-04-01', '2023-07-01', '8042085373', 'doctordre99@hotmail.com'),
(219, 7, 'Flaky', 'Awesome', 'Male', 40, 100, 150000.00, '2023-02-01', '2023-04-01', '8042185047', 'flakyluv@gmail.com'),
(220, 7, 'Wale', 'Thompson', 'Male', 50, 100, 50000.00, '2023-03-01', '2023-05-01', '8042284721', 'tommylarr@gmail.com'),
(221, 7, 'Donald', 'Romney', 'Male', 20, 200, 280000.00, '2023-01-01', '2023-05-01', '8042384395', 'friendlymont@gmail.com'),
(222, 7, 'Funmi', 'Jacobs', 'Female', 10, 200, 300000.00, '2023-04-01', '2023-07-01', '8042484069', 'funtobe55@icloud.com'),
(223, 7, 'Mandy', 'Lortman', 'Male', 10, 200, 300000.00, '2023-04-01', '2023-07-01', '8042583743', 'rollingiant@ymail.com'),
(224, 7, 'Tolu', 'Aina', 'Female', 30, 200, 350000.00, '2023-02-01', '2023-06-01', '8042683417', 'junktomack@imail.com'),
(225, 7, 'Jerry', 'Leggimont', 'Male', 40, 200, 150000.00, '2023-02-01', '2023-04-01', '8042783091', 'ironman077@gmail.com'),
(226, 7, 'Tobi', 'Ajayi', 'Female', 10, 100, 300000.00, '2023-04-01', '2023-07-01', '8042882765', 'tobigal@gmail.com'),
(227, 7, 'Fola', 'Agoro', 'Female', 20, 200, 280000.00, '2023-01-01', '2023-05-01', '8042982439', 'tobiluv@hotmail.com'),
(228, 7, 'Lola', 'Beckham', 'Female', 20, 200, 280000.00, '2023-01-01', '2023-05-01', '8043082113', 'beckie777@icloud.com'),
(229, 7, 'Simbi', 'Kareem', 'Female', 10, 200, 300000.00, '2023-04-01', '2023-07-01', '8043181787', 'kareemgal@gmail.com'),
(230, 7, 'Bola', 'Korede', 'Female', 10, 200, 300000.00, '2023-04-01', '2023-07-01', '8043281461', 'bollyglobal66@icloud.com'),
(231, 7, 'Francis', 'Marvellous', 'Male', 30, 100, 350000.00, '2023-02-01', '2023-06-01', '8043381135', 'tfrancis@gmail.com'),
(232, 7, 'Tolu', 'Nelson', 'Female', 50, 100, 50000.00, '2023-03-01', '2023-05-01', '8043480809', 'tolu101@gmail.com'),
(233, 7, 'Chioma', 'Jerrison', 'Female', 30, 100, 350000.00, '2023-02-01', '2023-06-01', '8043580483', 'jerrisonkag@mymail.org'),
(234, 7, 'Dave', 'Morrison', 'Male', 40, 100, 150000.00, '2023-02-01', '2023-04-01', '8043680157', 'dave_morrison@ymail.com'),
(235, 7, 'Chidi', 'Henderson', 'Male', 30, 200, 350000.00, '2023-02-01', '2023-06-01', '8043779831', 'hendyboy60@icloud.com'),
(236, 8, 'Ude', 'Uche', 'Female', 10, 100, 300000.00, '2023-04-24', '2023-07-22', '8043879505', 'udeuche@gmail.com'),
(237, 8, 'Ude', 'Ego', 'Female', 20, 200, 280000.00, '2023-04-24', '2023-07-22', '8043979179', 'udeego@gmail.com'),
(238, 8, 'Ozo', 'Abel', 'Male', 30, 100, 350000.00, '2023-04-24', '2023-08-26', '8044078853', 'ozoabel@gmail.com'),
(239, 8, 'Ozo', 'Moses', 'Male', 40, 200, 150000.00, '2023-04-24', '2023-08-26', '8044178527', 'ozomoses@gmail.com'),
(240, 8, 'Eze', 'Henry', 'Male', 50, 200, 50000.00, '2023-04-24', '2023-04-28', '8044278201', 'ezehenry@gmail.com'),
(241, 8, 'Eze', 'Ebere', 'Female', 10, 100, 300000.00, '2023-04-24', '2023-06-28', '8044377875', 'ezeebere@gmail.com'),
(242, 8, 'Obi', 'Joe', 'Male', 20, 100, 280000.00, '2023-04-24', '2023-08-25', '8044477549', 'obijoe@gmail.com'),
(243, 8, 'Obi', 'John', 'Male', 30, 200, 350000.00, '2023-04-24', '2023-08-25', '8044577223', 'obijohn@gmail.com'),
(244, 8, 'Obi', 'Inno', 'Male', 40, 100, 150000.00, '2023-04-24', '2023-06-23', '8044676897', 'obiinno@gmail.com'),
(245, 8, 'Obi', 'Eze', 'Male', 50, 200, 50000.00, '2023-04-24', '2023-06-23', '8044776571', 'obieze@gmail.com'),
(246, 8, 'Ojoma', 'Edith', 'Female', 10, 200, 300000.00, '2023-04-24', '2023-07-28', '8044876245', 'ojomaedith@gmail.com'),
(247, 8, 'Uju', 'Eze', 'Female', 20, 100, 280000.00, '2023-04-24', '2023-07-28', '8044975919', 'ujueze@gmail.com'),
(248, 8, 'Uju', 'Mic', 'Male', 30, 100, 350000.00, '2023-04-24', '2023-08-25', '8045075593', 'ujumic@gmail.com'),
(249, 8, 'Uju', 'Dalu', 'Female', 40, 200, 150000.00, '2023-04-24', '2023-06-25', '8045175267', 'ujudalu@gmail.com'),
(250, 8, 'Onyema', 'Gab', 'Male', 50, 200, 50000.00, '2023-04-24', '2023-06-23', '8045274941', 'onyemagab@gmail.com'),
(251, 8, 'Ogu', 'Austin', 'Male', 10, 100, 300000.00, '2023-04-24', '2023-07-23', '8045374615', 'oguaustin@gmail.com'),
(252, 8, 'Ebere', 'Jonson', 'Male', 20, 100, 280000.00, '2023-04-24', '2023-08-25', '8045474289', 'eberejonson'),
(253, 8, 'Ezeoba', 'Jonson', 'Male', 30, 200, 350000.00, '2023-04-24', '2023-08-25', '8045573963', 'ezeobajonson@gmail.com'),
(254, 8, 'Obioma', 'Edwin', 'Male', 40, 100, 150000.00, '2023-04-24', '2023-06-23', '8045673637', 'obiomaedwin@gmail.com'),
(255, 8, 'Obioma', 'Ngozi', 'Female', 50, 200, 50000.00, '2023-04-24', '2023-06-23', '8045773311', 'obiomangozi@gmail.com'),
(256, 8, 'Onyeze', 'Amaka', 'Female', 10, 100, 300000.00, '2023-04-24', '2023-07-28', '8045872985', 'onyezeamaka@gmail.com'),
(257, 8, 'Igwe', 'Amaka', 'Female', 20, 200, 280000.00, '2023-04-24', '2023-08-28', '8045972659', 'igweamaka@gmail.com'),
(258, 8, 'Igwe', 'Chinwe', 'Female', 30, 100, 350000.00, '2023-04-24', '2023-08-25', '8046072333', 'igwechinwe@gmail.com'),
(259, 8, 'Obi', 'Agness', 'Female', 40, 200, 150000.00, '2023-04-24', '2023-06-25', '8046172007', 'obiagness@gmail.com'),
(260, 8, 'Obieze', 'David', 'Male', 50, 200, 50000.00, '2023-04-24', '2023-06-23', '8046271681', 'obiezedavid@gmail.com'),
(261, 8, 'Ugwu', 'Dan', 'Male', 10, 100, 300000.00, '2023-04-24', '2023-07-23', '8046371355', 'ugwudan@gmail.com'),
(262, 8, 'Ugwu', 'Ijeoma', 'Female', 20, 200, 280000.00, '2023-04-24', '2023-08-25', '8046471029', 'ugwuijeoma@gmail.com'),
(263, 8, 'Ugwu', 'Adaeze', 'Female', 30, 100, 350000.00, '2023-04-24', '2023-08-25', '8046570703', 'ugwuadaeze@gmail.com'),
(264, 8, 'Ugwuanyi', 'John', 'Male', 30, 200, 350000.00, '2023-04-24', '2023-08-25', '8046670377', 'ugwuanyijohn@gmail.com'),
(265, 8, 'Ozobia', 'John', 'Male', 20, 100, 280000.00, '2023-04-24', '2023-08-25', '8046770051', 'ozobiajohn@gmail.com'),
(266, 4, 'Salewa', 'Gbadebo', 'Female', 10, 100, 300000.00, '2023-01-01', '2023-03-01', '8046869725', 'salewagbedebo@gmail.com'),
(267, 4, 'Susan', 'Mary', 'Female', 40, 200, 150000.00, '2023-01-01', '2023-03-01', '8046969399', 'susanmary@gmail.com'),
(268, 4, 'James', 'Adams', 'Male', 20, 100, 280000.00, '2023-01-01', '2023-04-30', '8047069073', 'j.adams1@gmail.com'),
(269, 4, 'Goriola', 'John', 'Male', 30, 200, 350000.00, '2023-01-01', '2023-04-30', '8047168747', 'goriolajohn45@gmail.com'),
(270, 4, 'Halimah', 'Abba', 'Female', 10, 100, 300000.00, '2023-01-01', '2023-03-31', '8047268421', 'h.abba@gmail.com'),
(271, 4, 'Chinedu', 'Okonkwo', 'Male', 50, 100, 50000.00, '2023-01-02', '2023-03-02', '8047368095', 'chineduokonkwo@gmail.com'),
(272, 4, 'Ibukun', 'Banwo', 'Female', 50, 200, 50000.00, '2023-01-02', '2023-03-01', '8047467769', 'ibk@gmail.com'),
(273, 4, 'Ayoola', 'Dada', 'Male', 10, 100, 300000.00, '2023-01-02', '2023-03-31', '8047567443', 'ayooladada@gmail.com'),
(274, 4, 'Tide', 'Aina', 'Female', 20, 200, 280000.00, '2023-01-02', '2023-04-30', '8047667117', 'tideaina@gmail.com'),
(275, 4, 'Grace', 'Asaolu', 'Female', 30, 200, 350000.00, '2023-01-02', '2023-04-30', '8047766791', 'graceasaolu@gmail.com'),
(276, 4, 'Tamilore', 'Shoola', 'Male', 40, 100, 150000.00, '2023-02-01', '2023-03-31', '8047866465', 't.shoola@gmail.com'),
(277, 4, 'Taiwo', 'Balogun', 'Male', 50, 200, 50000.00, '2023-02-02', '2023-04-03', '8047966139', 'taiwobalogun@gmail.com'),
(278, 4, 'Abdullah', 'Malik', 'Male', 20, 200, 280000.00, '2023-01-02', '2023-04-30', '8048065813', 'abdullahmalik87@gmail.com'),
(279, 4, 'Hauwa', 'Olanike', 'Female', 10, 100, 300000.00, '2023-01-03', '2023-04-03', '8048165487', 'hauwaolanike@gmail.com'),
(280, 4, 'Tosin', 'Gabriel', 'Male', 10, 200, 300000.00, '2023-01-02', '2023-04-03', '8048265161', 'tosingabriel@gmail.com'),
(281, 4, 'Aisha', 'Edun', 'Female', 30, 200, 350000.00, '2023-01-02', '2023-04-30', '8048364835', 'aishaedun@yahoo.com'),
(282, 4, 'Khadijah', 'Lawal', 'Female', 40, 200, 150000.00, '2023-02-01', '2023-03-31', '8048464509', 'khadijahlawal@hotmail.com'),
(283, 4, 'Nifemi', 'Ogunbiyi', 'Female', 50, 100, 50000.00, '2023-02-01', '2023-04-03', '8048564183', 'nifemiogunbiyi@gmail.com'),
(284, 4, 'Adeniyi', 'Faruq', 'Male', 10, 100, 300000.00, '2023-01-02', '2023-04-03', '8048663857', 'a.faruq20@gmail.com'),
(285, 4, 'Fatayo', 'Lekan', 'Male', 20, 100, 280000.00, '2023-01-02', '2023-04-30', '8048763531', 'fatayolekan@gmail.com'),
(286, 4, 'Balogun', 'Yusuf', 'Male', 30, 200, 350000.00, '2023-01-02', '2023-04-30', '8048863205', 'balogunyusuf@gmail.com'),
(287, 4, 'Chike', 'Alex', 'Male', 40, 200, 150000.00, '2023-01-02', '2023-02-28', '8048962879', 'chikealex@yahoo.com'),
(288, 4, 'Oluwakemi', 'Odunuga', 'Female', 10, 100, 300000.00, '2023-01-02', '2023-03-31', '8049062553', 'kemi.o@gmail.com'),
(289, 4, 'Fausat', 'Opaje', 'Female', 20, 200, 280000.00, '2023-01-02', '2023-04-30', '8049162227', 'fausatopaje@yahoo.com'),
(290, 4, 'Magaret', 'Akinyemi', 'Female', 50, 200, 50000.00, '2023-01-02', '2023-03-01', '8049261901', 'm.akinyemi20@yahoo.com'),
(291, 4, 'Ogunronti', 'Abosede', 'Female', 10, 200, 300000.00, '2023-01-02', '2023-04-03', '8049361575', 'ogunrontiabosede@gmail.com'),
(292, 4, 'Obinna', 'Edward', 'Male', 20, 100, 280000.00, '2023-01-02', '2023-04-30', '8049461249', 'obinnaedward@gmail.com'),
(293, 4, 'Kevin', 'Okafor', 'Female', 10, 200, 300000.00, '2023-01-02', '2023-04-03', '8049560923', 'k.okafor@yahoo.com'),
(294, 4, 'Ayorinde', 'Olajumoke', 'Female', 40, 200, 150000.00, '2023-03-01', '2023-04-30', '8049660597', 'ayorinde.j@gmail.com'),
(295, 4, 'Olaitan', 'Ismail', 'Male', 50, 100, 50000.00, '2023-01-02', '2023-02-28', '8049760271', 'olaitanismail@gmail.com'),
(296, 1, 'Nene', 'Sodiya', 'Male', 10, 100, 300000.00, '2023-01-03', '2023-04-03', '8049859945', 'nenesodiya@gmail.com'),
(297, 1, 'Lourraine', 'Phillips', 'Female', 20, 100, 280000.00, '2023-03-03', '2023-08-03', '8049959619', 'lourrainephillips@ymail.com'),
(298, 1, 'Shawn', 'Philmone', 'Male', 30, 100, 350000.00, '2023-04-03', '2023-08-03', '8050059293', 'shawnphilmone@36gees.com'),
(299, 1, 'Mark', 'Laditi', 'Male', 10, 100, 300000.00, '2023-01-03', '2023-04-03', '8050158967', 'markladiti@hotmail.com'),
(300, 1, 'Desire', 'Lawrence', 'Female', 10, 100, 300000.00, '2023-01-03', '2023-04-03', '8050258641', 'desirelawrence@outlook.com'),
(301, 1, 'Joseph', 'Phillips', 'Male', 10, 100, 300000.00, '2023-01-03', '2023-04-03', '8050358315', 'josephphillips@gmail.com'),
(302, 1, 'Funmi', 'Aina', 'Female', 10, 100, 300000.00, '2023-01-03', '2023-04-03', '8050457989', 'funmiaina@ymail.com'),
(303, 1, 'Claudette', 'Simpson', 'Female', 40, 100, 150000.00, '2023-01-02', '2023-03-02', '8050557663', 'claudettesimpson@36gees.com'),
(304, 1, 'Franca', 'Odinga', 'Female', 50, 100, 50000.00, '2023-01-02', '2023-03-02', '8050657337', 'francaodinga@hotmail.com'),
(305, 1, 'Charles', 'Lawrence', 'Male', 50, 100, 50000.00, '2023-01-02', '2023-03-02', '8050757011', 'charleslawrence@outlook.com'),
(306, 1, 'Tola', 'Simpson', 'Male', 20, 100, 280000.00, '2023-03-02', '2023-07-02', '8050856685', 'tolasimpson@gmail.com'),
(307, 2, 'John', 'Vickacios', 'Male', 20, 100, 280000.00, '2023-03-02', '2023-07-02', '8050956359', 'johnvickacios@ymail.com'),
(308, 2, 'Femi', 'Iyanuola', 'Male', 50, 100, 50000.00, '2023-01-03', '2023-03-02', '8051056033', 'femiiyanuola@36gees.com'),
(309, 2, 'Kelvin', 'Vickacios', 'Male', 30, 100, 350000.00, '2023-04-03', '2023-08-03', '8051155707', 'kelvinvickacios@hotmail.com'),
(310, 2, 'James', 'Iyanuola', 'Male', 30, 100, 350000.00, '2023-04-03', '2023-08-03', '8051255381', 'jamesiyanuola@outlook.com'),
(311, 2, 'Tomiwa', 'Desmond', 'Male', 10, 100, 300000.00, '2023-01-03', '2023-04-03', '8051355055', 'tomiwadesmond@gmail.com'),
(312, 2, 'Fred', 'Iyanuola', 'Male', 10, 100, 300000.00, '2023-01-03', '2023-04-03', '8051454729', 'frediyanuola@ymail.com'),
(313, 2, 'Ladi', 'Adaranijo', 'Male', 20, 100, 280000.00, '2023-03-01', '2023-08-01', '8051554403', 'ladiadaranijo@36gees.com'),
(314, 2, 'Bimbo', 'Adaranijo', 'Female', 50, 100, 50000.00, '2023-01-01', '2023-03-01', '8051654077', 'bimboadaranijo@hotmail.com'),
(315, 2, 'Tolani', 'Desmond', 'Female', 10, 100, 300000.00, '2023-01-01', '2023-03-01', '8051753751', 'tolanidesmond@outlook.com'),
(316, 2, 'Feranmi', 'Adaranijo', 'Male', 40, 100, 150000.00, '2023-01-02', '2023-03-02', '8051853425', 'feranmiadaranijo@gmail.com'),
(317, 2, 'Hilda', 'Halsen', 'Female', 40, 100, 150000.00, '2023-01-02', '2023-03-02', '8051953099', 'hildahalsen@ymail.com'),
(318, 2, 'Khloe', 'Sodiya', 'Female', 30, 100, 350000.00, '2023-04-03', '2023-08-03', '8052052773', 'khloesodiya@36gees.com'),
(319, 2, 'Tutu', 'Kelvin', 'Female', 30, 100, 350000.00, '2023-04-03', '2023-08-03', '8052152447', 'tutukelvin@hotmail.com'),
(320, 2, 'Tolu', 'Halsen', 'Male', 30, 100, 350000.00, '2023-04-04', '2023-08-30', '8052252121', 'toluhalsen@outlook.com'),
(321, 3, 'Lara', 'Raymond', 'Female', 20, 100, 280000.00, '2023-03-01', '2023-08-02', '8052351795', 'lararaymond@gmail.com'),
(322, 3, 'Frank', 'Sodiya', 'Male', 40, 100, 150000.00, '2023-01-02', '2023-03-02', '8052451469', 'franksodiya@ymail.com'),
(323, 3, 'Braimont', 'Balogun', 'Male', 40, 100, 150000.00, '2023-01-02', '2023-03-02', '8052551143', 'braimontbalogun@36gees.com'),
(324, 3, 'Funsho', 'Justine', 'Male', 20, 100, 280000.00, '2023-03-01', '2023-08-02', '8052650817', 'funshojustine@hotmail.com'),
(325, 3, 'Dennis', 'Balogun', 'Male', 10, 100, 300000.00, '2023-04-19', '2023-07-19', '8052750491', 'dennisbalogun@outlook.com'),
(326, 3, 'Bolu', 'Joseph', 'Male', 20, 200, 280000.00, '2023-04-22', '2023-08-19', '8052850165', 'bolujoseph@gmail.com'),
(327, 3, 'Chizom', 'Albertson', 'Female', 30, 200, 350000.00, '2023-04-22', '2023-08-19', '8052949839', 'chizomalbertson@ymail.com'),
(328, 3, 'Adaora', 'Adeolu', 'Female', 40, 100, 150000.00, '2023-04-19', '2023-06-19', '8053049513', 'adaoraadeolu@36gees.com'),
(329, 3, 'Akano', 'Adeolu', 'Male', 10, 200, 300000.00, '2023-04-22', '2023-07-22', '8053149187', 'akanoadeolu@hotmail.com'),
(330, 3, 'Simi', 'Balogun', 'Female', 10, 100, 300000.00, '2023-04-19', '2023-07-19', '8053248861', 'simibalogun@outlook.com'),
(331, 3, 'Tomi', 'Laditi', 'Male', 50, 200, 50000.00, '2023-04-22', '2023-06-24', '8053348535', 'tomiladiti@gmail.com'),
(332, 3, 'Simi', 'Atere', 'Female', 50, 100, 50000.00, '2023-04-19', '2023-06-21', '8053448209', 'simiatere@ymail.com'),
(333, 3, 'Frank', 'Justine', 'Male', 30, 100, 350000.00, '2023-04-19', '2023-08-16', '8053547883', 'frankjustine@36gees.com'),
(334, 3, 'Gbenga', 'Colman', 'Male', 50, 100, 50000.00, '2023-04-19', '2023-06-21', '8053647557', 'gbengacolman@hotmail.com'),
(335, 3, 'Lara', 'Colman', 'Female', 10, 100, 300000.00, '2023-04-19', '2023-07-19', '8053747231', 'laracolman@outlook.com'),
(336, 3, 'Lara', 'Jennifer', 'Female', 10, 200, 300000.00, '2023-04-22', '2023-07-22', '8053846905', 'larajennifer@gmail.com'),
(337, 3, 'Braimont', 'Albertson', 'Male', 30, 100, 350000.00, '2023-04-19', '2023-08-19', '8053946579', 'braimontalbertson@ymail.com'),
(338, 4, 'Anthonia', 'Loveth', 'Female', 10, 100, 300000.00, '2023-04-19', '2023-07-19', '8054046253', 'anthonialoveth@36gees.com'),
(339, 4, 'Joshua', 'Albertson', 'Male', 40, 200, 150000.00, '2023-04-22', '2023-06-24', '8054145927', 'joshuaalbertson@hotmail.com'),
(340, 4, 'John', 'Kingston', 'Male', 50, 100, 50000.00, '2023-04-19', '2023-06-19', '8054245601', 'johnkingston@outlook.com'),
(341, 4, 'John', 'Frederick', 'Male', 40, 200, 150000.00, '2023-04-22', '2023-06-24', '8054345275', 'johnfrederick@gmail.com'),
(342, 4, 'Anthonia', 'Osarome', 'Female', 20, 100, 280000.00, '2023-04-19', '2023-08-21', '8054444949', 'anthoniaosarome@ymail.com'),
(343, 4, 'Clement', 'Giwa', 'Male', 50, 200, 50000.00, '2023-04-22', '2023-06-24', '8054544623', 'clementgiwa@36gees.com'),
(344, 4, 'Lara', 'Lawani', 'Female', 10, 200, 300000.00, '2023-04-22', '2023-07-22', '8054644297', 'laralawani@hotmail.com'),
(345, 4, 'Segun', 'Johnson', 'Male', 30, 100, 350000.00, '2023-04-19', '2023-08-21', '8054743971', 'segunjohnson@outlook.com'),
(346, 4, 'Tomi', 'Agoro', 'Female', 10, 200, 300000.00, '2023-04-22', '2023-08-26', '8054843645', 'tomiagoro@gmail.com'),
(347, 4, 'Halbert', 'Adeoluwa', 'Male', 40, 100, 150000.00, '2023-04-19', '2023-06-21', '8054943319', 'halbertadeoluwa@ymail.com'),
(348, 4, 'Fola', 'Agoro', 'Male', 20, 200, 280000.00, '2023-04-22', '2023-08-19', '8055042993', 'folaagoro@36gees.com'),
(349, 4, 'Funmbi', 'Alao', 'Male', 10, 100, 300000.00, '2023-04-19', '2023-07-19', '8055142667', 'funmbialao@hotmail.com'),
(350, 4, 'Iyabo', 'Holston', 'Female', 40, 100, 150000.00, '2023-04-19', '2023-06-21', '8055242341', 'iyaboholston@outlook.com'),
(351, 4, 'Fred', 'Golabette', 'Male', 20, 200, 280000.00, '2023-04-22', '2023-08-24', '8055342015', 'fredgolabette@gmail.com'),
(352, 4, 'Zoe', 'Desmond', 'Female', 20, 200, 280000.00, '2023-04-22', '2023-08-26', '8055441689', 'zoedesmond@ymail.com'),
(353, 4, 'Farakan', 'Laraba', 'Male', 10, 100, 300000.00, '2023-04-19', '2023-07-19', '8055541363', 'farakanlaraba@36gees.com'),
(354, 4, 'Segun', 'Adeoluwa', 'Male', 30, 100, 350000.00, '2023-04-19', '2023-08-23', '8055641037', 'segunadeoluwa@hotmail.com'),
(355, 4, 'Kanmi', 'Savage', 'Male', 40, 200, 150000.00, '2023-04-22', '2023-06-24', '8055740711', 'kanmisavage@outlook.com'),
(356, 4, 'Stephen', 'Stones', 'Male', 30, 200, 350000.00, '2023-04-06', '2023-08-11', '8055840385', 'stephenstones@gmail.com'),
(357, 4, 'Bimpe', 'Adeoluwa', 'Female', 30, 200, 350000.00, '2023-04-06', '2023-08-11', '8055940059', 'bimpeadeoluwa@ymail.com'),
(358, 4, 'Bolu', 'Laraba', 'Female', 10, 100, 300000.00, '2023-04-05', '2023-07-06', '8056039733', 'bolularaba@36gees.com'),
(359, 4, 'Tola', 'Adeoluwa', 'Male', 20, 200, 280000.00, '2023-04-05', '2023-08-10', '8056139407', 'tolaadeoluwa@hotmail.com'),
(360, 4, 'Bimbo', 'Savage', 'Male', 20, 100, 280000.00, '2023-04-06', '2023-08-08', '8056239081', 'bimbosavage@outlook.com'),
(361, 4, 'Michelle', 'Adeoluwa', 'Female', 40, 100, 150000.00, '2023-04-05', '2023-06-16', '8056338755', 'michelleadeoluwa@gmail.com'),
(362, 4, 'Sanmi', 'Michael', 'Female', 30, 100, 350000.00, '2023-04-05', '2023-07-14', '8056438429', 'sanmimichael@ymail.com'),
(363, 4, 'Darasimi', 'Lambert', 'Male', 50, 100, 50000.00, '2023-04-05', '2023-06-14', '8056538103', 'darasimilambert@36gees.com'),
(364, 4, 'Tolu', 'Lambert', 'Male', 40, 200, 150000.00, '2023-04-05', '2023-06-12', '8056637777', 'tolulambert@hotmail.com'),
(365, 4, 'Bayo', 'Kadiri', 'Male', 30, 200, 350000.00, '2023-04-03', '2023-08-11', '8056737451', 'bayokadiri@outlook.com'),
(366, 4, 'Bayo', 'Bucknor', 'Male', 30, 100, 350000.00, '2023-04-03', '2023-08-11', '8056837125', 'bayobucknor@gmail.com'),
(367, 4, 'Francisca', 'Bassey', 'Female', 40, 200, 150000.00, '2023-04-05', '2023-06-09', '8056936799', 'franciscabassey@ymail.com'),
(368, 4, 'Femi', 'Bolman', 'Male', 30, 200, 350000.00, '2023-04-06', '2023-08-18', '8057036473', 'femibolman@36gees.com'),
(369, 4, 'Kelvin', 'Bolman', 'Male', 30, 100, 350000.00, '2023-04-06', '2023-08-14', '8057136147', 'kelvinbolman@hotmail.com'),
(370, 4, 'James', 'Calvinson', 'Female', 10, 100, 300000.00, '2023-04-07', '2023-07-14', '8057235821', 'jamescalvinson@outlook.com'),
(371, 4, 'Tomiwa', 'Stephen', 'Female', 20, 200, 280000.00, '2023-04-06', '2023-08-11', '8057335495', 'tomiwastephen@gmail.com'),
(372, 4, 'Fred', 'Bruno', 'Male', 20, 200, 280000.00, '2023-04-06', '2023-08-11', '8057435169', 'fredbruno@ymail.com'),
(373, 4, 'Ladi', 'Bucknor', 'Female', 30, 200, 350000.00, '2023-04-06', '2023-08-11', '8057534843', 'ladibucknor@36gees.com'),
(374, 4, 'Bimbo', 'Bruno', 'Female', 30, 200, 350000.00, '2023-04-06', '2023-08-11', '8057634517', 'bimbobruno@hotmail.com'),
(375, 4, 'Tola', 'Garillone', 'Male', 30, 200, 350000.00, '2023-04-06', '2023-08-11', '8057734191', 'tolagarillone@outlook.com'),
(376, 4, 'Feranmi', 'Sodiya', 'Male', 20, 100, 280000.00, '2023-04-07', '2023-08-11', '8057833865', 'feranmisodiya@gmail.com'),
(377, 4, 'Nene', 'Kuffor', 'Male', 30, 100, 350000.00, '2023-04-06', '2023-08-11', '8057933539', 'nenekuffor@ymail.com'),
(378, 4, 'Lourraine', 'Derrick', 'Female', 10, 200, 300000.00, '2023-04-13', '2023-07-21', '8058033213', 'lourrainederrick@36gees.com'),
(379, 4, 'Shawn', 'Phillips', 'Female', 50, 100, 50000.00, '2023-04-06', '2023-06-09', '8058132887', 'shawnphillips@hotmail.com'),
(380, 4, 'Mark', 'Harrison', 'Male', 30, 100, 350000.00, '2023-04-06', '2023-08-11', '8058232561', 'markharrison@outlook.com'),
(381, 4, 'Desire', 'Fuman', 'Female', 50, 100, 50000.00, '2023-04-06', '2023-06-09', '8058332235', 'desirefuman@gmail.com'),
(382, 4, 'Joseph', 'Plattini', 'Male', 30, 200, 350000.00, '2023-04-06', '2023-08-11', '8058431909', 'josephplattini@ymail.com'),
(383, 4, 'Saheed', 'Adegoke', 'Male', 20, 100, 280000.00, '2023-04-06', '2023-08-11', '8058531583', 'saheedadegoke@36gees.com'),
(384, 4, 'Akeema', 'Derayo', 'Female', 30, 200, 350000.00, '2023-04-06', '2023-08-11', '8058631257', 'akeemaderayo@hotmail.com'),
(385, 4, 'Saheedat', 'Adelaja', 'Female', 20, 200, 280000.00, '2023-04-06', '2023-08-11', '8058730931', 'saheedatadelaja@outlook.com'),
(386, 4, 'Lemir', 'Lackette', 'Female', 20, 100, 280000.00, '2023-04-18', '2023-07-17', '8058830605', 'lemirlackette@gmail.com'),
(387, 4, 'Bose', 'Fredata', 'Female', 10, 100, 300000.00, '2023-04-19', '2023-07-18', '8058930279', 'bosefredata@ymail.com'),
(388, 4, 'Ann', 'Desmond', 'Female', 30, 200, 350000.00, '2023-05-20', '2023-09-19', '8059029953', 'anndesmond@36gees.com'),
(389, 4, 'Ladi', 'Francis', 'Male', 50, 100, 50000.00, '2023-03-19', '2023-05-18', '8059129627', 'ladifrancis@hotmail.com'),
(390, 4, 'Bayo', 'Joshua', 'Male', 20, 100, 280000.00, '2023-05-19', '2023-09-18', '8059229301', 'bayojoshua@outlook.com'),
(391, 4, 'Mope', 'Gemade', 'Female', 40, 200, 150000.00, '2023-03-01', '2023-05-01', '8059328975', 'mopegemade@gmail.com'),
(392, 4, 'Francis', 'Lamidi', 'Male', 10, 100, 300000.00, '2023-05-18', '2023-08-17', '8059428649', 'francislamidi@ymail.com'),
(393, 4, 'John', 'Stones', 'Male', 10, 100, 300000.00, '2023-05-18', '2023-08-17', '8059528323', 'johnstones@36gees.com'),
(394, 4, 'Eric', 'Wattson', 'Male', 50, 100, 50000.00, '2023-03-19', '2023-05-18', '8059627997', 'ericwattson@hotmail.com'),
(395, 4, 'Tola', 'Adigun', 'Female', 20, 100, 280000.00, '2023-05-19', '2023-09-18', '8059727671', 'tolaadigun@outlook.com'),
(396, 4, 'Femi', 'Korede', 'Male', 30, 200, 350000.00, '2023-05-20', '2023-09-18', '8059827345', 'femikorede@gmail.com'),
(397, 4, 'Femi', 'Bennette', 'Male', 40, 200, 150000.00, '2023-03-01', '2023-05-01', '8059927019', 'femibennette@ymail.com'),
(398, 4, 'Kunmi', 'Benson', 'Female', 50, 100, 50000.00, '2023-03-19', '2023-05-18', '8060026693', 'kunmibenson@36gees.com'),
(399, 4, 'Frank', 'Johnson', 'Male', 10, 100, 300000.00, '2023-05-18', '2023-08-17', '8060126367', 'frankjohnson@hotmail.com'),
(400, 4, 'Taiwo', 'Harrison', 'Female', 20, 100, 280000.00, '2023-05-19', '2023-09-18', '8060226041', 'taiwoharrison@outlook.com'),
(401, 4, 'Taiwo', 'Morris', 'Male', 30, 200, 350000.00, '2023-04-20', '2023-09-19', '8060325715', 'taiwomorris@gmail.com'),
(402, 4, 'Kenny', 'Victor', 'Female', 40, 200, 150000.00, '2023-03-01', '2023-05-01', '8060425389', 'kennyvictor@ymail.com'),
(403, 4, 'Tola', 'Soretire', 'Male', 40, 200, 150000.00, '2023-03-01', '2023-05-01', '8060525063', 'tolasoretire@36gees.com'),
(404, 4, 'Shola', 'Phillips', 'Male', 30, 200, 350000.00, '2023-05-20', '2023-09-19', '8060624737', 'sholaphillips@hotmail.com'),
(405, 4, 'Israel', 'Feranmi', 'Male', 20, 100, 280000.00, '2023-05-19', '2023-09-18', '8060724411', 'israelferanmi@outlook.com'),
(406, 4, 'Emmanuela', 'Adisa', 'Female', 10, 100, 300000.00, '2023-05-18', '2023-08-17', '8060824085', 'emmanuelaadisa@gmail.com'),
(407, 4, 'John', 'Murphy', 'Male', 50, 100, 50000.00, '2023-03-19', '2023-05-18', '8060923759', 'johnmurphy@ymail.com');
INSERT INTO `students` (`STUDENTID`, `centerid`, `first_name`, `last_name`, `gender`, `courseid`, `sessionid`, `amountpaid`, `startdate`, `enddate`, `phoneno`, `email`) VALUES
(408, 4, 'Lam', 'Oniru', 'Male', 10, 100, 300000.00, '2023-05-18', '2023-08-17', '8061023433', 'lamoniru@36gees.com'),
(409, 4, 'Raymond', 'Emiloju', 'Male', 20, 100, 280000.00, '2023-05-19', '2023-09-18', '8061123107', 'raymondemiloju@hotmail.com'),
(410, 4, 'Funmi', 'Simone', 'Female', 30, 200, 350000.00, '2023-05-20', '2023-09-19', '8061222781', 'funmisimone@outlook.com'),
(411, 4, 'Serah', 'Abidemi', 'Female', 30, 200, 350000.00, '2023-05-20', '2023-09-19', '8061322455', 'serahabidemi@gmail.com'),
(412, 4, 'Chukwu', 'Adams', 'Male', 50, 100, 50000.00, '2023-03-19', '2023-05-18', '8061422129', 'chukwuadams@ymail.com'),
(413, 4, 'Chizom', 'Orji', 'Female', 20, 100, 280000.00, '2023-05-19', '2023-09-18', '8061521803', 'chizomorji@36gees.com'),
(414, 4, 'Emeka', 'Morris', 'Male', 40, 200, 150000.00, '2023-03-19', '2023-05-18', '8061621477', 'emekamorris@hotmail.com'),
(415, 4, 'Chinedu', 'Loveth', 'Male', 10, 100, 300000.00, '2023-05-18', '2023-08-17', '8061721151', 'chineduloveth@outlook.com'),
(416, 4, 'Chizom', 'Chukwutem', 'Female', 30, 200, 350000.00, '2023-05-20', '2023-09-19', '8061820825', 'chizomchukwutem@gmail.com'),
(417, 4, 'Simba', 'Lortam', 'Female', 50, 100, 50000.00, '2023-03-19', '2023-05-18', '8061920499', 'simbalortam@ymail.com'),
(418, 4, 'Nene', 'Faranmi', 'Female', 20, 100, 280000.00, '2023-05-19', '2023-09-18', '8062020173', 'nenefaranmi@36gees.com'),
(419, 4, 'Saliu', 'Ashiru', 'Male', 40, 200, 150000.00, '2023-03-19', '2023-05-18', '8062119847', 'saliuashiru@hotmail.com'),
(420, 4, 'Semiu', 'Balogun', 'Male', 10, 100, 300000.00, '2023-05-18', '2023-08-17', '8062219521', 'semiubalogun@outlook.com'),
(421, 4, 'Felicia', 'Albert', 'Female', 30, 200, 350000.00, '2023-05-20', '2023-09-19', '8062319195', 'feliciaalbert@gmail.com'),
(422, 4, 'Kenny', 'Hopewell', 'Male', 50, 100, 50000.00, '2023-03-19', '2023-05-18', '8062418869', 'kennyhopewell@ymail.com'),
(423, 4, 'Ademola', 'Allson', 'Female', 20, 100, 280000.00, '2023-05-19', '2023-09-18', '8062518543', 'ademolaallson@36gees.com'),
(424, 4, 'Dara', 'Kadiri', 'Female', 10, 100, 300000.00, '2023-04-19', '2023-08-20', '8062618217', 'darakadiri@hotmail.com'),
(425, 4, 'Mane', 'Kuffour', 'Male', 10, 200, 300000.00, '2023-01-19', '2023-04-19', '8062717891', 'manekuffour@outlook.com'),
(426, 4, 'Loveth', 'Macpherson', 'Female', 20, 100, 280000.00, '2023-01-26', '2023-06-26', '8062817565', 'lovethmacpherson@gmail.com'),
(427, 4, 'Funmi', 'Nelson', 'Female', 50, 100, 50000.00, '2023-04-10', '2023-06-12', '8062917239', 'funminelson@ymail.com'),
(428, 4, 'Gregory', 'Mandela', 'Male', 10, 100, 300000.00, '2023-06-05', '2023-09-18', '8063016913', 'gregorymandela@36gees.com'),
(429, 4, 'Frank', 'Ojikutu', 'Male', 30, 200, 350000.00, '2023-02-06', '2023-06-12', '8063116587', 'frankojikutu@hotmail.com'),
(430, 4, 'Goriola', 'Vivour', 'Male', 10, 100, 300000.00, '2023-06-05', '2023-09-18', '8063216261', 'goriolavivour@outlook.com'),
(431, 4, 'Morrine', 'Jegede', 'Female', 40, 200, 150000.00, '2023-05-06', '2023-07-15', '8063315935', 'morrinejegede@gmail.com'),
(432, 4, 'Nelson', 'Stones', 'Male', 40, 200, 150000.00, '2023-05-06', '2023-07-15', '8063415609', 'nelsonstones@ymail.com'),
(433, 4, 'Frank', 'Apapa', 'Male', 20, 100, 280000.00, '2023-01-26', '2023-06-26', '8063515283', 'frankapapa@36gees.com'),
(434, 4, 'Juliet', 'Apata', 'Female', 20, 100, 280000.00, '2023-01-26', '2023-06-26', '8063614957', 'julietapata@hotmail.com'),
(435, 4, 'Nini', 'Olorunwa', 'Male', 10, 100, 300000.00, '2023-06-05', '2023-09-18', '8063714631', 'niniolorunwa@outlook.com'),
(436, 4, 'Morrine', 'Ojay', 'Female', 50, 100, 50000.00, '2023-04-10', '2023-06-12', '8063814305', 'morrineojay@gmail.com'),
(437, 4, 'Charles', 'Stones', 'Male', 40, 200, 150000.00, '2023-05-06', '2023-07-15', '8063913979', 'charlesstones@ymail.com'),
(438, 4, 'Gbenga', 'Colmans', 'Male', 10, 100, 300000.00, '2023-01-19', '2023-04-19', '8064013653', 'gbengacolmans@36gees.com'),
(439, 4, 'Lara', 'Colmans', 'Female', 20, 100, 280000.00, '2023-01-26', '2023-06-26', '8064113327', 'laracolmans@hotmail.com'),
(440, 4, 'Lara', 'Jegede', 'Female', 30, 100, 350000.00, '2023-02-06', '2023-06-12', '8064213001', 'larajegede@outlook.com'),
(441, 4, 'Braimont', 'Joshua', 'Male', 30, 100, 350000.00, '2023-02-06', '2023-06-12', '8064312675', 'braimontjoshua@gmail.com'),
(442, 4, 'Anthonia', 'Desmond', 'Female', 50, 100, 50000.00, '2023-04-10', '2023-06-12', '8064412349', 'anthoniadesmond@ymail.com'),
(443, 4, 'Joshua', 'Albert', 'Male', 50, 100, 50000.00, '2023-04-10', '2023-06-12', '8064512023', 'joshuaalbert@36gees.com'),
(444, 4, 'John', 'Abubakar', 'Male', 20, 100, 280000.00, '2023-01-26', '2023-06-26', '8064611697', 'johnabubakar@hotmail.com'),
(445, 4, 'John', 'Desmond', 'Male', 10, 100, 300000.00, '2023-01-19', '2023-04-19', '8064711371', 'johndesmond@outlook.com'),
(446, 5, 'Anthonia', 'Jegede', 'Female', 40, 200, 150000.00, '2023-05-06', '2023-07-15', '8064811045', 'anthoniajegede@gmail.com'),
(447, 5, 'Clement', 'Chukwueze', 'Male', 30, 100, 350000.00, '2023-02-06', '2023-06-12', '8064910719', 'clementchukwueze@ymail.com'),
(448, 5, 'Lara', 'Cannon', 'Female', 10, 100, 300000.00, '2023-06-05', '2023-09-18', '8065010393', 'laracannon@36gees.com'),
(449, 5, 'Segun', 'Alao', 'Male', 50, 100, 50000.00, '2023-04-10', '2023-06-12', '8065110067', 'segunalao@hotmail.com'),
(450, 5, 'Tomi', 'Komolafe', 'Female', 10, 100, 300000.00, '2023-01-19', '2023-04-19', '8065209741', 'tomikomolafe@outlook.com'),
(451, 5, 'Halbert', 'Trudeau', 'Male', 50, 100, 50000.00, '2023-04-10', '2023-06-12', '8065309415', 'halberttrudeau@gmail.com'),
(452, 5, 'Fola', 'Chukwueze', 'Male', 20, 100, 280000.00, '2023-01-26', '2023-06-26', '8065409089', 'folachukwueze@ymail.com'),
(453, 5, 'Funmbi', 'Mackon', 'Male', 40, 200, 150000.00, '2023-05-06', '2023-07-15', '8065508763', 'funmbimackon@36gees.com'),
(454, 5, 'Iyabo', 'Abubakar', 'Female', 10, 100, 300000.00, '2023-06-05', '2023-09-18', '8065608437', 'iyaboabubakar@hotmail.com'),
(455, 5, 'Fred', 'Mackon', 'Male', 30, 100, 350000.00, '2023-02-06', '2023-06-12', '8065708111', 'fredmackon@outlook.com'),
(456, 5, 'Zoe', 'Brainard', 'Female', 10, 100, 300000.00, '2023-08-01', '2023-10-31', '8065807785', 'zoebrainard@gmail.com'),
(457, 5, 'Farakan', 'Desmond', 'Male', 20, 100, 280000.00, '2023-08-01', '2023-11-30', '8065907459', 'farakandesmond@ymail.com'),
(458, 5, 'Segun', 'Stones', 'Male', 40, 100, 150000.00, '2023-08-01', '2023-09-30', '8066007133', 'segunstones@36gees.com'),
(459, 5, 'Kanmi', 'Stephens', 'Male', 30, 200, 350000.00, '2023-08-01', '2023-11-30', '8066106807', 'kanmistephens@hotmail.com'),
(460, 5, 'Stephen', 'Haruna', 'Male', 20, 100, 280000.00, '2023-08-01', '2023-10-31', '8066206481', 'stephenharuna@outlook.com'),
(461, 5, 'Bimpe', 'Laraba', 'Female', 30, 200, 350000.00, '2023-08-01', '2023-11-30', '8066306155', 'bimpelaraba@gmail.com'),
(462, 5, 'Bolu', 'Adeoluwa', 'Female', 10, 200, 300000.00, '2023-08-01', '2023-10-31', '8066405829', 'boluadeoluwa@ymail.com'),
(463, 5, 'Tola', 'Frederick', 'Male', 50, 100, 50000.00, '2023-08-01', '2023-09-30', '8066505503', 'tolafrederick@36gees.com'),
(464, 5, 'Bimbo', 'Oso', 'Male', 50, 100, 50000.00, '2023-08-01', '2023-09-30', '8066605177', 'bimbooso@hotmail.com'),
(465, 5, 'Michelle', 'Savage', 'Female', 40, 100, 150000.00, '2023-08-01', '2023-09-30', '8066704851', 'michellesavage@outlook.com'),
(466, 5, 'Sanmi', 'Adekangbe', 'Female', 20, 100, 280000.00, '2023-08-01', '2023-11-30', '8066804525', 'sanmiadekangbe@gmail.com'),
(467, 5, 'Darasimi', 'Cannon', 'Male', 10, 200, 300000.00, '2023-08-01', '2023-10-30', '8066904199', 'darasimicannon@ymail.com'),
(468, 5, 'Tolu', 'Kingston', 'Male', 20, 100, 280000.00, '2023-08-01', '2023-11-30', '8067003873', 'tolukingston@36gees.com'),
(469, 5, 'Bayo', 'Cannon', 'Male', 40, 200, 150000.00, '2023-08-01', '2023-09-30', '8067103547', 'bayocannon@hotmail.com'),
(470, 5, 'Bayo', 'Ajanaku', 'Male', 10, 200, 300000.00, '2023-08-01', '2023-10-31', '8067203221', 'bayoajanaku@outlook.com'),
(471, 5, 'Francisca', 'Simpson', 'Female', 40, 100, 150000.00, '2023-08-01', '2023-09-30', '8067302895', 'franciscasimpson@gmail.com'),
(472, 5, 'Femi', 'Simpson', 'Male', 40, 200, 150000.00, '2023-08-01', '2023-11-30', '8067402569', 'femisimpson@ymail.com'),
(473, 5, 'Tola', 'Adekangbe', 'Male', 20, 100, 280000.00, '2023-08-01', '2023-11-30', '8067502243', 'tolaadekangbe@36gees.com'),
(474, 5, 'John', 'Adams', 'Male', 50, 200, 50000.00, '2023-08-01', '2023-09-30', '8067601917', 'johnadams@hotmail.com'),
(475, 5, 'Femi', 'Komolafe', 'Male', 10, 200, 300000.00, '2023-08-01', '2023-10-31', '8067701591', 'femikomolafe@outlook.com'),
(476, 5, 'Kelvin', 'Calvin', 'Male', 20, 100, 280000.00, '2023-08-01', '2023-11-30', '8067801265', 'kelvincalvin@gmail.com'),
(477, 5, 'James', 'Chukwueze', 'Male', 40, 100, 150000.00, '2023-08-01', '2023-09-30', '8067900939', 'jameschukwueze@ymail.com'),
(478, 5, 'Tomiwa', 'Stephens', 'Male', 20, 100, 280000.00, '2023-08-01', '2023-11-30', '8068000613', 'tomiwastephens@36gees.com'),
(479, 5, 'Fred', 'Vickacios', 'Male', 50, 200, 50000.00, '2023-08-01', '2023-09-30', '8068100287', 'fredvickacios@hotmail.com'),
(480, 5, 'Ladi', 'Benson', 'Male', 10, 200, 300000.00, '2023-08-01', '2023-10-31', '8068199961', 'ladibenson@outlook.com'),
(481, 5, 'Bimbo', 'Ajayi', 'Female', 30, 200, 350000.00, '2023-08-01', '2023-11-30', '8068299635', 'bimboajayi@gmail.com'),
(482, 5, 'Tola', 'Daleson', 'Female', 50, 200, 50000.00, '2023-08-01', '2023-09-30', '8068399309', 'toladaleson@ymail.com'),
(483, 5, 'Feranmi', 'Bucknor', 'Male', 40, 200, 150000.00, '2023-08-01', '2023-09-30', '8068498983', 'feranmibucknor@36gees.com'),
(484, 5, 'Hilda', 'Albert', 'Female', 30, 100, 350000.00, '2023-08-01', '2023-11-30', '8068598657', 'hildaalbert@hotmail.com'),
(485, 5, 'Khloe', 'Raymond', 'Female', 10, 100, 300000.00, '2023-08-01', '2023-10-31', '8068698331', 'khloeraymond@outlook.com'),
(486, 5, 'Tutu', 'Balogun', 'Female', 30, 100, 350000.00, '2023-08-01', '2023-11-30', '8068798005', 'tutubalogun@gmail.com'),
(487, 5, 'Tolu', 'Balogun', 'Male', 20, 200, 280000.00, '2023-08-01', '2023-11-30', '8068897679', 'tolubalogun@ymail.com'),
(488, 5, 'Lara', 'Nelson', 'Female', 50, 100, 50000.00, '2023-08-01', '2023-09-30', '8068997353', 'laranelson@36gees.com'),
(489, 5, 'Frank', 'Halsen', 'Male', 20, 100, 280000.00, '2023-08-01', '2023-11-30', '8069097027', 'frankhalsen@hotmail.com'),
(490, 5, 'Braimont', 'Geltarm', 'Male', 10, 100, 300000.00, '2023-08-01', '2023-10-31', '8069196701', 'braimontgeltarm@outlook.com'),
(491, 5, 'Funsho', 'Adeolu', 'Male', 10, 100, 300000.00, '2023-04-01', '2023-07-01', '8069296375', 'funshoadeolu@gmail.com'),
(492, 5, 'Dennis', 'Kadiri', 'Male', 20, 200, 280000.00, '2023-01-01', '2023-05-01', '8069396049', 'denniskadiri@ymail.com'),
(493, 5, 'Bolu', 'Balogun', 'Male', 20, 200, 280000.00, '2023-01-01', '2023-05-01', '8069495723', 'bolubalogun@36gees.com'),
(494, 5, 'Chizom', 'Kalu', 'Female', 10, 200, 300000.00, '2023-04-01', '2023-07-01', '8069595397', 'chizomkalu@hotmail.com'),
(495, 6, 'Adaora', 'Nelson', 'Female', 10, 200, 300000.00, '2023-04-01', '2023-07-01', '8069695071', 'adaoranelson@outlook.com'),
(496, 6, 'Akano', 'Balogun', 'Male', 30, 100, 350000.00, '2023-02-01', '2023-06-01', '8069794745', 'akanobalogun@gmail.com'),
(497, 6, 'Charles', 'Mommodu', 'Male', 40, 100, 150000.00, '2023-02-01', '2023-04-01', '8069894419', 'charlesmommodu@ymail.com'),
(498, 6, 'Tola', 'Adisa', 'Male', 50, 200, 50000.00, '2023-03-01', '2023-05-01', '8069994093', 'tolaadisa@36gees.com'),
(499, 6, 'John', 'Lawrence', 'Male', 30, 200, 350000.00, '2023-02-01', '2023-06-01', '8070093767', 'johnlawrence@hotmail.com'),
(500, 6, 'Femi', 'Brainard', 'Male', 50, 100, 50000.00, '2023-03-01', '2023-05-01', '8070193441', 'femibrainard@outlook.com'),
(501, 6, 'Kelvin', 'Lawrence', 'Male', 40, 200, 150000.00, '2023-02-01', '2023-04-01', '8070293115', 'kelvinlawrence@gmail.com'),
(502, 6, 'James', 'Calvin', 'Male', 20, 100, 280000.00, '2023-01-01', '2023-05-01', '8070392789', 'jamescalvin@ymail.com'),
(503, 6, 'Tomiwa', 'Daleson', 'Male', 10, 200, 300000.00, '2023-04-01', '2023-07-01', '8070492463', 'tomiwadaleson@36gees.com'),
(504, 6, 'Fred', 'Stephens', 'Male', 30, 200, 350000.00, '2023-02-01', '2023-06-01', '8070592137', 'fredstephens@hotmail.com'),
(505, 6, 'Ladi', 'Stephens', 'Male', 10, 100, 300000.00, '2023-04-01', '2023-07-01', '8070691811', 'ladistephens@outlook.com'),
(506, 6, 'Bimbo', 'Desmond', 'Female', 20, 200, 280000.00, '2023-01-01', '2023-05-01', '8070791485', 'bimbodesmond@gmail.com'),
(507, 6, 'Tola', 'Desmond', 'Female', 30, 100, 350000.00, '2023-02-01', '2023-06-01', '8070891159', 'toladesmond@ymail.com'),
(508, 6, 'Feranmi', 'Rudiger', 'Male', 20, 200, 280000.00, '2023-01-01', '2023-05-01', '8070990833', 'feranmirudiger@36gees.com'),
(509, 6, 'Hilda', 'Fennon', 'Female', 50, 100, 50000.00, '2023-03-01', '2023-05-01', '8071090507', 'hildafennon@hotmail.com'),
(510, 6, 'Khloe', 'Fennon', 'Female', 30, 100, 350000.00, '2023-02-01', '2023-06-01', '8071190181', 'khloefennon@outlook.com'),
(511, 6, 'Tutu', 'Fennon', 'Female', 40, 100, 150000.00, '2023-02-01', '2023-04-01', '8071289855', 'tutufennon@gmail.com'),
(512, 6, 'Tolu', 'Cummings', 'Male', 30, 200, 350000.00, '2023-02-01', '2023-06-01', '8071389529', 'tolucummings@ymail.com'),
(513, 6, 'Lara', 'Adeolu', 'Female', 10, 100, 300000.00, '2023-04-01', '2023-07-01', '8071489203', 'laraadeolu@36gees.com'),
(514, 6, 'Frank', 'Kadiri', 'Male', 40, 100, 150000.00, '2023-02-01', '2023-04-01', '8071588877', 'frankkadiri@hotmail.com'),
(515, 6, 'Braimont', 'Gilvert', 'Male', 50, 100, 50000.00, '2023-03-01', '2023-05-01', '8071688551', 'braimontgilvert@outlook.com'),
(516, 6, 'Funsho', 'Bolarinwa', 'Male', 20, 200, 280000.00, '2023-01-01', '2023-05-01', '8071788225', 'funshobolarinwa@gmail.com'),
(517, 6, 'Dennis', 'Geltarm', 'Male', 10, 200, 300000.00, '2023-04-01', '2023-07-01', '8071887899', 'dennisgeltarm@ymail.com'),
(518, 7, 'Bolu', 'Nelson', 'Male', 10, 200, 300000.00, '2023-04-01', '2023-07-01', '8071987573', 'bolunelson@36gees.com'),
(519, 7, 'Chizom', 'Gilvert', 'Female', 30, 200, 350000.00, '2023-02-01', '2023-06-01', '8072087247', 'chizomgilvert@hotmail.com'),
(520, 7, 'Adaora', 'Geltarm', 'Female', 40, 200, 150000.00, '2023-02-01', '2023-04-01', '8072186921', 'adaorageltarm@outlook.com'),
(521, 7, 'Akano', 'Samath', 'Male', 10, 100, 300000.00, '2023-04-01', '2023-07-01', '8072286595', 'akanosamath@gmail.com'),
(522, 7, 'Simi', 'Bolarinwa', 'Female', 20, 200, 280000.00, '2023-01-01', '2023-05-01', '8072386269', 'simibolarinwa@ymail.com'),
(523, 7, 'Tomi', 'Samath', 'Male', 20, 200, 280000.00, '2023-01-01', '2023-05-01', '8072485943', 'tomisamath@36gees.com'),
(524, 7, 'Simi', 'Gilvert', 'Female', 10, 200, 300000.00, '2023-04-01', '2023-07-01', '8072585617', 'simigilvert@hotmail.com'),
(525, 7, 'Frank', 'Kingston', 'Male', 10, 200, 300000.00, '2023-04-01', '2023-07-01', '8072685291', 'frankkingston@outlook.com'),
(526, 7, 'Gbenga', 'Halsen', 'Male', 30, 100, 350000.00, '2023-02-01', '2023-06-01', '8072784965', 'gbengahalsen@gmail.com'),
(527, 7, 'Lara', 'Gilvert', 'Female', 50, 100, 50000.00, '2023-03-01', '2023-05-01', '8072884639', 'laragilvert@ymail.com'),
(528, 7, 'Lara', 'Halsen', 'Female', 30, 100, 350000.00, '2023-02-01', '2023-06-01', '8072984313', 'larahalsen@36gees.com'),
(529, 7, 'Braimont', 'Alao', 'Male', 40, 100, 150000.00, '2023-02-01', '2023-04-01', '8073083987', 'braimontalao@hotmail.com'),
(530, 7, 'Anthonia', 'Golabette', 'Female', 30, 200, 350000.00, '2023-02-01', '2023-06-01', '8073183661', 'anthoniagolabette@outlook.com'),
(531, 7, 'Joshua', 'Kingston', 'Male', 10, 100, 300000.00, '2023-04-24', '2023-07-22', '8073283335', 'joshuakingston@gmail.com'),
(532, 7, 'John', 'Samath', 'Male', 20, 200, 280000.00, '2023-04-24', '2023-07-22', '8073383009', 'johnsamath@ymail.com'),
(533, 7, 'John', 'McDesire', 'Male', 30, 100, 350000.00, '2023-04-24', '2023-08-26', '8073482683', 'johnmcdesire@36gees.com'),
(534, 7, 'Anthonia', 'Alao', 'Female', 40, 200, 150000.00, '2023-04-24', '2023-08-26', '8073582357', 'anthoniaalao@hotmail.com'),
(535, 7, 'Clement', 'Kingston', 'Male', 50, 200, 50000.00, '2023-04-24', '2023-04-28', '8073682031', 'clementkingston@outlook.com'),
(536, 7, 'Lara', 'Giwa', 'Female', 10, 100, 300000.00, '2023-04-24', '2023-06-28', '8073781705', 'laragiwa@gmail.com'),
(537, 7, 'Segun', 'Mackon', 'Male', 20, 100, 280000.00, '2023-04-24', '2023-08-25', '8073881379', 'segunmackon@ymail.com'),
(538, 7, 'Tomi', 'Gilvert', 'Female', 30, 200, 350000.00, '2023-04-24', '2023-08-25', '8073981053', 'tomigilvert@36gees.com'),
(539, 7, 'Halbert', 'Mackon', 'Male', 40, 100, 150000.00, '2023-04-24', '2023-06-23', '8074080727', 'halbertmackon@hotmail.com'),
(540, 7, 'Fola', 'Gregory', 'Male', 50, 200, 50000.00, '2023-04-24', '2023-06-23', '8074180401', 'folagregory@outlook.com'),
(541, 7, 'Funmbi', 'McDesire', 'Male', 10, 200, 300000.00, '2023-04-24', '2023-07-28', '8074280075', 'funmbimcdesire@gmail.com'),
(542, 7, 'Iyabo', 'Onalaja', 'Female', 20, 100, 280000.00, '2023-04-24', '2023-07-28', '8074379749', 'iyaboonalaja@ymail.com'),
(543, 7, 'Fred', 'Onalaja', 'Male', 30, 100, 350000.00, '2023-04-24', '2023-08-25', '8074479423', 'fredonalaja@36gees.com'),
(544, 7, 'Zoe', 'Savage', 'Female', 40, 200, 150000.00, '2023-04-24', '2023-06-25', '8074579097', 'zoesavage@hotmail.com'),
(545, 7, 'Farakan', 'Michael', 'Male', 50, 200, 50000.00, '2023-04-24', '2023-06-23', '8074678771', 'farakanmichael@outlook.com'),
(546, 7, 'Segun', 'Are', 'Male', 10, 100, 300000.00, '2023-04-24', '2023-07-23', '8074778445', 'segunare@gmail.com'),
(547, 7, 'KanmiOjay', '', 'Male', 20, 100, 280000.00, '2023-04-24', '2023-08-25', '8074878119', 'kanmiojay@ymail.com'),
(548, 7, 'Stephen', 'Dagura', 'Male', 30, 200, 350000.00, '2023-04-24', '2023-08-25', '8074977793', 'stephendagura@36gees.com'),
(549, 7, 'Bimpe', 'Frederick', 'Female', 40, 100, 150000.00, '2023-04-24', '2023-06-23', '8075077467', 'bimpefrederick@hotmail.com'),
(550, 7, 'Bolu', 'Vickacios', 'Female', 50, 200, 50000.00, '2023-04-24', '2023-06-23', '8075177141', 'boluvickacios@outlook.com'),
(551, 7, 'Tola', 'Franklin', 'Male', 10, 100, 300000.00, '2023-04-24', '2023-07-28', '8075276815', 'tolafranklin@gmail.com'),
(552, 7, 'Bimbo', 'Frederick', 'Male', 20, 200, 280000.00, '2023-04-24', '2023-08-28', '8075376489', 'bimbofrederick@ymail.com'),
(553, 8, 'Michelle', 'Samath', 'Female', 30, 100, 350000.00, '2023-04-24', '2023-08-25', '8075476163', 'michellesamath@36gees.com'),
(554, 8, 'Sanmi', 'Dagura', 'Female', 40, 200, 150000.00, '2023-04-24', '2023-06-25', '8075575837', 'sanmidagura@hotmail.com'),
(555, 8, 'Darasimi', 'Vickacios', 'Male', 50, 200, 50000.00, '2023-04-24', '2023-06-23', '8075675511', 'darasimivickacios@outlook.com'),
(556, 8, 'Tolu', 'Simpson', 'Male', 10, 100, 300000.00, '2023-04-24', '2023-07-23', '8075775185', 'tolusimpson@gmail.com'),
(557, 8, 'Bayo', 'Lambert', 'Male', 20, 200, 280000.00, '2023-04-24', '2023-08-25', '8075874859', 'bayolambert@ymail.com'),
(558, 8, 'Bayo', 'Adegbola', 'Male', 30, 100, 350000.00, '2023-04-24', '2023-08-25', '8075974533', 'bayoadegbola@36gees.com'),
(559, 8, 'Francisca', 'Brainard', 'Female', 30, 200, 350000.00, '2023-04-24', '2023-08-25', '8076074207', 'franciscabrainard@hotmail.com'),
(560, 8, 'Femi', 'Brainards', 'Male', 20, 100, 280000.00, '2023-04-24', '2023-08-25', '8076173881', 'femibrainards@outlook.com'),
(561, 8, 'Kelvin', 'Brainard', 'Male', 10, 100, 300000.00, '2023-01-01', '2023-03-01', '8076273555', 'kelvinbrainard@gmail.com'),
(562, 8, 'James', 'Vickacios', 'Female', 40, 200, 150000.00, '2023-01-01', '2023-03-01', '8076373229', 'jamesvickacios@ymail.com'),
(563, 8, 'Tomiwa', 'Vickacios', 'Female', 20, 100, 280000.00, '2023-01-01', '2023-04-30', '8076472903', 'tomiwavickacios@36gees.com'),
(564, 8, 'Fred', 'Ronald', 'Male', 30, 200, 350000.00, '2023-01-01', '2023-04-30', '8076572577', 'fredronald@hotmail.com'),
(565, 8, 'Ladi', 'Desmond', 'Female', 10, 100, 300000.00, '2023-01-01', '2023-03-31', '8076672251', 'ladidesmond@outlook.com'),
(566, 8, 'Bimbo', 'Olorunwa', 'Female', 50, 100, 50000.00, '2023-01-02', '2023-03-02', '8076771925', 'bimboolorunwa@gmail.com'),
(567, 8, 'Tola', 'Ronald', 'Male', 50, 200, 50000.00, '2023-01-02', '2023-03-01', '8076871599', 'tolaronald@ymail.com'),
(568, 8, 'Feranmi', 'Rodriquez', 'Male', 10, 100, 300000.00, '2023-01-02', '2023-03-31', '8076971273', 'feranmirodriquez@36gees.com'),
(569, 8, 'Nene', 'Michael', 'Male', 20, 200, 280000.00, '2023-01-02', '2023-04-30', '8077070947', 'nenemichael@hotmail.com'),
(570, 8, 'Lourraine', 'Michael', 'Female', 30, 200, 350000.00, '2023-01-02', '2023-04-30', '8077170621', 'lourrainemichael@outlook.com'),
(571, 8, 'Shawn', 'Bruno', 'Female', 40, 100, 150000.00, '2023-02-01', '2023-03-31', '8077270295', 'shawnbruno@gmail.com'),
(572, 8, 'Mark', 'Michael', 'Male', 50, 200, 50000.00, '2023-02-02', '2023-04-03', '8077369969', 'markmichael@ymail.com'),
(573, 8, 'Desire', 'Ronald', 'Female', 20, 200, 280000.00, '2023-01-02', '2023-04-30', '8077469643', 'desireronald@36gees.com'),
(574, 8, 'Joseph', 'Paulinho', 'Male', 10, 100, 300000.00, '2023-01-03', '2023-04-03', '8077569317', 'josephpaulinho@hotmail.com'),
(575, 8, 'Saheed', 'Adegbola', 'Male', 10, 200, 300000.00, '2023-01-02', '2023-04-03', '8077668991', 'saheedadegbola@outlook.com'),
(576, 8, 'Akeema', 'Rodriquez', 'Female', 30, 200, 350000.00, '2023-01-02', '2023-04-30', '8077768665', 'akeemarodriquez@gmail.com'),
(577, 8, 'Saheedat', 'Rodriquez', 'Female', 40, 200, 150000.00, '2023-02-01', '2023-03-31', '8077868339', 'saheedatrodriquez@ymail.com'),
(578, 8, 'Lemir', 'Quadri', 'Female', 50, 100, 50000.00, '2023-02-01', '2023-04-03', '8077968013', 'lemirquadri@36gees.com'),
(579, 8, 'Bose', 'Quadri', 'Female', 10, 100, 300000.00, '2023-01-02', '2023-04-03', '8078067687', 'bosequadri@hotmail.com'),
(580, 8, 'Ann', 'Kosoko', 'Female', 20, 100, 280000.00, '2023-01-02', '2023-04-30', '8078167361', 'annkosoko@outlook.com'),
(581, 8, 'Ladi', 'Michael', 'Male', 30, 200, 350000.00, '2023-01-02', '2023-04-30', '8078267035', 'ladimichael@gmail.com'),
(582, 8, 'Bayo', 'Loopers', 'Male', 40, 200, 150000.00, '2023-01-02', '2023-02-28', '8078366709', 'bayoloopers@ymail.com'),
(583, 8, 'Mope', 'Lemon', 'Female', 10, 100, 300000.00, '2023-01-02', '2023-03-31', '8078466383', 'mopelemon@36gees.com'),
(584, 8, 'Francis', 'Cooper', 'Male', 20, 200, 280000.00, '2023-01-02', '2023-04-30', '8078566057', 'franciscooper@hotmail.com'),
(585, 8, 'John', 'Cummins', 'Male', 50, 200, 50000.00, '2023-01-02', '2023-03-01', '8078665731', 'johncummins@outlook.com'),
(586, 8, 'Eric', 'Frannon', 'Male', 10, 200, 300000.00, '2023-01-02', '2023-04-03', '8078765405', 'ericfrannon@gmail.com'),
(587, 8, 'Tola', 'Festin', 'Female', 20, 100, 280000.00, '2023-01-02', '2023-04-30', '8078865079', 'tolafestin@ymail.com'),
(588, 8, 'Femi', 'Aroloya', 'Male', 10, 200, 300000.00, '2023-01-02', '2023-04-03', '8078964753', 'femiaroloya@36gees.com'),
(589, 8, 'Femi', 'Francis', 'Male', 40, 200, 150000.00, '2023-03-01', '2023-04-30', '8079064427', 'femifrancis@hotmail.com'),
(590, 8, 'Kunmi', 'Bako', 'Female', 50, 100, 50000.00, '2023-01-02', '2023-02-28', '8079164101', 'kunmibako@outlook.com'),
(591, 8, 'Frank', 'Shuaib', 'Male', 30, 200, 350000.00, '2023-01-02', '2023-04-30', '8079263775', 'frankshuaib@gmail.com'),
(592, 8, 'Taiwo', 'Taiwo', 'Female', 40, 200, 150000.00, '2023-02-01', '2023-03-31', '8079363449', 'taiwotaiwo@ymail.com'),
(593, 8, 'Taiwo', 'Mapami', 'Male', 50, 100, 50000.00, '2023-02-01', '2023-04-03', '8079463123', 'taiwomapami@36gees.com'),
(594, 8, 'Kenny', 'Victoria', 'Female', 10, 100, 300000.00, '2023-01-02', '2023-04-03', '8079562797', 'kennyvictoria@hotmail.com'),
(595, 8, 'Tola', 'Sokoya', 'Male', 20, 100, 280000.00, '2023-01-02', '2023-04-30', '8079662471', 'tolasokoya@outlook.com'),
(596, 8, 'Shola', 'Adisa', 'Male', 30, 200, 350000.00, '2023-01-02', '2023-04-30', '8079762145', 'sholaadisa@gmail.com'),
(597, 8, 'Israel', 'Phillips', 'Male', 40, 200, 150000.00, '2023-01-02', '2023-02-28', '8079861819', 'israelphillips@ymail.com'),
(598, 8, 'Emmanuela', 'Morales', 'Female', 10, 100, 300000.00, '2023-01-02', '2023-03-31', '8079961493', 'emmanuelamorales@36gees.com'),
(599, 8, 'John', 'Morales', 'Male', 20, 200, 280000.00, '2023-01-02', '2023-04-30', '8080061167', 'johnmorales@hotmail.com'),
(600, 8, 'Lam', 'Fennon', 'Male', 50, 200, 50000.00, '2023-01-02', '2023-03-01', '8080160841', 'lamfennon@outlook.com');


















